dataset,model,seed,scarcity_fraction,training_pool_size,retained_size,retained_negative,retained_positive,test_size,fit_seconds,roc_auc,precision,recall,f1,accuracy,average_precision
cleveland,logistic_regression,0,1,242,242,131,111,61,0.112777199996344,0.949134199134199,0.846153846153846,0.785714285714286,0.814814814814815,0.836065573770492,0.948167015183144
cleveland,random_forest,0,1,242,242,131,111,61,0.903353500005323,0.939393939393939,0.88,0.785714285714286,0.830188679245283,0.852459016393443,0.926437494755826
cleveland,logistic_regression,0,0.5,242,121,66,55,61,0.0415076999997835,0.954545454545455,0.866666666666667,0.928571428571429,0.896551724137931,0.901639344262295,0.935138173109768
cleveland,random_forest,0,0.5,242,121,66,55,61,0.849483600002714,0.958333333333333,0.884615384615385,0.821428571428571,0.851851851851852,0.868852459016393,0.94058292584291
cleveland,logistic_regression,0,0.25,242,61,33,28,61,0.0327255000011063,0.945887445887446,0.833333333333333,0.892857142857143,0.862068965517241,0.868852459016393,0.943446099160275
cleveland,random_forest,0,0.25,242,61,33,28,61,1.05999579999479,0.913419913419913,0.821428571428571,0.821428571428571,0.821428571428571,0.836065573770492,0.917143585915031
cleveland,logistic_regression,0,0.1,242,24,13,11,61,0.0367745000039576,0.847402597402597,0.714285714285714,0.714285714285714,0.714285714285714,0.737704918032787,0.833471218649612
cleveland,random_forest,0,0.1,242,24,13,11,61,0.799600300000748,0.862554112554113,0.782608695652174,0.642857142857143,0.705882352941177,0.754098360655738,0.836772046204487
cleveland,logistic_regression,0,0.05,242,12,6,6,61,0.0328729000029851,0.846320346320346,0.676470588235294,0.821428571428571,0.741935483870968,0.737704918032787,0.834708263400538
cleveland,random_forest,0,0.05,242,12,6,6,61,0.808322299999418,0.891774891774892,0.724137931034483,0.75,0.736842105263158,0.754098360655738,0.871865931133816
cleveland,logistic_regression,1,1,242,242,131,111,61,0.0345605999973485,0.9004329004329,0.846153846153846,0.785714285714286,0.814814814814815,0.836065573770492,0.889072756810249
cleveland,random_forest,1,1,242,242,131,111,61,1.04506080000283,0.892316017316017,0.814814814814815,0.785714285714286,0.8,0.819672131147541,0.886734072019263
cleveland,logistic_regression,1,0.5,242,121,66,55,61,0.0385991000002832,0.91017316017316,0.869565217391304,0.714285714285714,0.784313725490196,0.819672131147541,0.907993271848533
cleveland,random_forest,1,0.5,242,121,66,55,61,0.995191100002558,0.876623376623377,0.76,0.678571428571429,0.716981132075472,0.754098360655738,0.86669357934782
cleveland,logistic_regression,1,0.25,242,61,33,28,61,0.0344937999980174,0.884199134199134,0.869565217391304,0.714285714285714,0.784313725490196,0.819672131147541,0.879187108309076
cleveland,random_forest,1,0.25,242,61,33,28,61,0.932573799997044,0.867424242424242,0.807692307692308,0.75,0.777777777777778,0.80327868852459,0.851498938600325
cleveland,logistic_regression,1,0.1,242,24,13,11,61,0.0506802999952924,0.857142857142857,0.769230769230769,0.714285714285714,0.740740740740741,0.770491803278688,0.83404669993113
cleveland,random_forest,1,0.1,242,24,13,11,61,0.93102949999593,0.855519480519481,0.791666666666667,0.678571428571429,0.730769230769231,0.770491803278688,0.817771043178652
cleveland,logistic_regression,1,0.05,242,12,6,6,61,0.0379075000018928,0.898268398268398,0.875,0.75,0.807692307692308,0.836065573770492,0.889833328769875
cleveland,random_forest,1,0.05,242,12,6,6,61,1.05650349999632,0.853896103896104,0.8,0.714285714285714,0.754716981132076,0.786885245901639,0.81452110900116
cleveland,logistic_regression,2,1,242,242,131,111,61,0.05277510000451,0.886363636363636,0.846153846153846,0.785714285714286,0.814814814814815,0.836065573770492,0.900439268544478
cleveland,random_forest,2,1,242,242,131,111,61,1.18473269999959,0.891774891774892,0.88,0.785714285714286,0.830188679245283,0.852459016393443,0.895057052517283
cleveland,logistic_regression,2,0.5,242,121,66,55,61,0.0401564999992842,0.878787878787879,0.777777777777778,0.75,0.763636363636364,0.786885245901639,0.889992313648341
cleveland,random_forest,2,0.5,242,121,66,55,61,1.05702860000019,0.89448051948052,0.814814814814815,0.785714285714286,0.8,0.819672131147541,0.883898125602658
cleveland,logistic_regression,2,0.25,242,61,33,28,61,0.0347543000025324,0.883116883116883,0.777777777777778,0.75,0.763636363636364,0.786885245901639,0.884196162953055
cleveland,random_forest,2,0.25,242,61,33,28,61,0.917314300000726,0.909090909090909,0.869565217391304,0.714285714285714,0.784313725490196,0.819672131147541,0.902576641752945
cleveland,logistic_regression,2,0.1,242,24,13,11,61,0.0369346000006771,0.857142857142857,0.791666666666667,0.678571428571429,0.730769230769231,0.770491803278688,0.861147133909869
cleveland,random_forest,2,0.1,242,24,13,11,61,0.922391799998877,0.931277056277056,0.88,0.785714285714286,0.830188679245283,0.852459016393443,0.922167216374548
cleveland,logistic_regression,2,0.05,242,12,6,6,61,0.0387850000042817,0.841991341991342,0.7,0.75,0.724137931034483,0.737704918032787,0.849854616848944
cleveland,random_forest,2,0.05,242,12,6,6,61,0.85357379999914,0.918290043290043,0.742857142857143,0.928571428571429,0.825396825396825,0.819672131147541,0.913677731453629
cleveland,logistic_regression,3,1,242,242,131,111,61,0.0510505000056582,0.886363636363636,0.8,0.857142857142857,0.827586206896552,0.836065573770492,0.896898002705848
cleveland,random_forest,3,1,242,242,131,111,61,1.01314489999641,0.890692640692641,0.758620689655172,0.785714285714286,0.771929824561403,0.786885245901639,0.894431409725288
cleveland,logistic_regression,3,0.5,242,121,66,55,61,0.0412176999961956,0.874458874458874,0.821428571428571,0.821428571428571,0.821428571428571,0.836065573770492,0.889288321301558
cleveland,random_forest,3,0.5,242,121,66,55,61,1.24632510000083,0.892316017316017,0.821428571428571,0.821428571428571,0.821428571428571,0.836065573770492,0.896107738994207
cleveland,logistic_regression,3,0.25,242,61,33,28,61,0.0460984000019378,0.850649350649351,0.851851851851852,0.821428571428571,0.836363636363636,0.852459016393443,0.870370286328871
cleveland,random_forest,3,0.25,242,61,33,28,61,1.15045699999609,0.878246753246753,0.793103448275862,0.821428571428571,0.807017543859649,0.819672131147541,0.869530094415209
cleveland,logistic_regression,3,0.1,242,24,13,11,61,0.0564782000001287,0.885281385281385,0.785714285714286,0.785714285714286,0.785714285714286,0.80327868852459,0.891362335195009
cleveland,random_forest,3,0.1,242,24,13,11,61,1.28252069999871,0.848484848484849,0.769230769230769,0.714285714285714,0.740740740740741,0.770491803278688,0.848652037225548
cleveland,logistic_regression,3,0.05,242,12,6,6,61,0.0798347000018111,0.853896103896104,0.708333333333333,0.607142857142857,0.653846153846154,0.704918032786885,0.859062024028476
cleveland,random_forest,3,0.05,242,12,6,6,61,1.30314020000515,0.849025974025974,0.782608695652174,0.642857142857143,0.705882352941177,0.754098360655738,0.839495902352972
cleveland,logistic_regression,4,1,242,242,131,111,61,0.0766112999990582,0.938311688311688,0.956521739130435,0.785714285714286,0.862745098039216,0.885245901639344,0.922797501606606
cleveland,random_forest,4,1,242,242,131,111,61,1.17567759999656,0.939935064935065,0.96,0.857142857142857,0.905660377358491,0.918032786885246,0.917169582986267
cleveland,logistic_regression,4,0.5,242,121,66,55,61,0.0599565000011351,0.92965367965368,0.954545454545455,0.75,0.84,0.868852459016393,0.92572906566122
cleveland,random_forest,4,0.5,242,121,66,55,61,1.24957009999343,0.92965367965368,0.956521739130435,0.785714285714286,0.862745098039216,0.885245901639344,0.919848650776073
cleveland,logistic_regression,4,0.25,242,61,33,28,61,0.0564130000057048,0.923160173160173,0.909090909090909,0.714285714285714,0.8,0.836065573770492,0.919343477988035
cleveland,random_forest,4,0.25,242,61,33,28,61,1.18473780000204,0.917207792207792,0.863636363636364,0.678571428571429,0.76,0.80327868852459,0.902778388620642
cleveland,logistic_regression,4,0.1,242,24,13,11,61,0.0505611000044154,0.891774891774892,0.85,0.607142857142857,0.708333333333333,0.770491803278688,0.872348873346071
cleveland,random_forest,4,0.1,242,24,13,11,61,1.28631889999815,0.927489177489177,0.857142857142857,0.642857142857143,0.73469387755102,0.786885245901639,0.913229840672766
cleveland,logistic_regression,4,0.05,242,12,6,6,61,0.0973865000050864,0.915584415584416,0.863636363636364,0.678571428571429,0.76,0.80327868852459,0.901853251746141
cleveland,random_forest,4,0.05,242,12,6,6,61,0.975810999996611,0.916125541125541,0.875,0.75,0.807692307692308,0.836065573770492,0.896662575553131
cleveland,logistic_regression,5,1,242,242,131,111,61,0.0634996999942814,0.912337662337662,0.88,0.785714285714286,0.830188679245283,0.852459016393443,0.922843015538728
cleveland,random_forest,5,1,242,242,131,111,61,1.0932713000002,0.864177489177489,0.777777777777778,0.75,0.763636363636364,0.786885245901639,0.891022124411823
cleveland,logistic_regression,5,0.5,242,121,66,55,61,0.0640469999998457,0.908008658008658,0.833333333333333,0.714285714285714,0.769230769230769,0.80327868852459,0.916969064723937
cleveland,random_forest,5,0.5,242,121,66,55,61,1.0151196999941,0.90530303030303,0.84,0.75,0.792452830188679,0.819672131147541,0.906509555210651
cleveland,logistic_regression,5,0.25,242,61,33,28,61,0.0481727000005775,0.928571428571428,0.84,0.75,0.792452830188679,0.819672131147541,0.930913195198909
cleveland,random_forest,5,0.25,242,61,33,28,61,0.867755600003875,0.937229437229437,0.92,0.821428571428571,0.867924528301887,0.885245901639344,0.944411131524135
cleveland,logistic_regression,5,0.1,242,24,13,11,61,0.108159499999601,0.843073593073593,0.782608695652174,0.642857142857143,0.705882352941177,0.754098360655738,0.829530413774249
cleveland,random_forest,5,0.1,242,24,13,11,61,0.90713020000112,0.890692640692641,0.875,0.75,0.807692307692308,0.836065573770492,0.871382285855794
cleveland,logistic_regression,5,0.05,242,12,6,6,61,0.0405640999961177,0.718614718614719,0.607142857142857,0.607142857142857,0.607142857142857,0.639344262295082,0.649412898099226
cleveland,random_forest,5,0.05,242,12,6,6,61,1.03987269999925,0.799242424242424,0.621621621621622,0.821428571428571,0.707692307692308,0.688524590163934,0.79094776681329
cleveland,logistic_regression,6,1,242,242,131,111,61,0.0552036000008229,0.912337662337662,0.92,0.821428571428571,0.867924528301887,0.885245901639344,0.92607112643685
cleveland,random_forest,6,1,242,242,131,111,61,1.08392170000297,0.869047619047619,0.791666666666667,0.678571428571429,0.730769230769231,0.770491803278688,0.875829748695792
cleveland,logistic_regression,6,0.5,242,121,66,55,61,0.0499352000042563,0.890692640692641,0.851851851851852,0.821428571428571,0.836363636363636,0.852459016393443,0.902933821139415
cleveland,random_forest,6,0.5,242,121,66,55,61,1.39404169999762,0.861471861471861,0.833333333333333,0.714285714285714,0.769230769230769,0.80327868852459,0.867241607161179
cleveland,logistic_regression,6,0.25,242,61,33,28,61,0.129177000002528,0.872294372294372,0.777777777777778,0.75,0.763636363636364,0.786885245901639,0.870118534260401
cleveland,random_forest,6,0.25,242,61,33,28,61,0.940863000003446,0.845238095238095,0.793103448275862,0.821428571428571,0.807017543859649,0.819672131147541,0.833316434751164
cleveland,logistic_regression,6,0.1,242,24,13,11,61,0.0603794999988166,0.818181818181818,0.724137931034483,0.75,0.736842105263158,0.754098360655738,0.815395390213436
cleveland,random_forest,6,0.1,242,24,13,11,61,0.906818000003113,0.845779220779221,0.724137931034483,0.75,0.736842105263158,0.754098360655738,0.84264549848623
cleveland,logistic_regression,6,0.05,242,12,6,6,61,0.038165799996932,0.83982683982684,0.696969696969697,0.821428571428571,0.754098360655738,0.754098360655738,0.807705147095315
cleveland,random_forest,6,0.05,242,12,6,6,61,0.864340699998138,0.851731601731602,0.648648648648649,0.857142857142857,0.738461538461539,0.721311475409836,0.836122849241729
cleveland,logistic_regression,7,1,242,242,131,111,61,0.0954706000047735,0.957792207792208,0.925925925925926,0.892857142857143,0.909090909090909,0.918032786885246,0.960454826628821
cleveland,random_forest,7,1,242,242,131,111,61,1.35038570000324,0.94534632034632,0.888888888888889,0.857142857142857,0.872727272727273,0.885245901639344,0.948671088010584
cleveland,logistic_regression,7,0.5,242,121,66,55,61,0.049720700000762,0.95995670995671,0.892857142857143,0.892857142857143,0.892857142857143,0.901639344262295,0.957909174413499
cleveland,random_forest,7,0.5,242,121,66,55,61,0.97646320000058,0.955627705627706,0.91304347826087,0.75,0.823529411764706,0.852459016393443,0.954425644336359
cleveland,logistic_regression,7,0.25,242,61,33,28,61,0.0382732999933068,0.920995670995671,0.8,0.857142857142857,0.827586206896552,0.836065573770492,0.914024693742775
cleveland,random_forest,7,0.25,242,61,33,28,61,0.8833306000015,0.933982683982684,0.814814814814815,0.785714285714286,0.8,0.819672131147541,0.932778701637987
cleveland,logistic_regression,7,0.1,242,24,13,11,61,0.0346614999943994,0.847402597402597,0.685714285714286,0.857142857142857,0.761904761904762,0.754098360655738,0.838183668100415
cleveland,random_forest,7,0.1,242,24,13,11,61,0.87223190000077,0.917207792207792,0.8,0.857142857142857,0.827586206896552,0.836065573770492,0.912932714091256
cleveland,logistic_regression,7,0.05,242,12,6,6,61,0.0361216999954194,0.816017316017316,0.6,0.857142857142857,0.705882352941177,0.672131147540984,0.820105763443255
cleveland,random_forest,7,0.05,242,12,6,6,61,0.845539200003259,0.922077922077922,0.838709677419355,0.928571428571429,0.88135593220339,0.885245901639344,0.910295011581135
cleveland,logistic_regression,8,1,242,242,131,111,61,0.0383547999954316,0.888528138528139,0.944444444444444,0.607142857142857,0.739130434782609,0.80327868852459,0.894064915187804
cleveland,random_forest,8,1,242,242,131,111,61,0.898724500002572,0.853896103896104,0.863636363636364,0.678571428571429,0.76,0.80327868852459,0.878057308615231
cleveland,logistic_regression,8,0.5,242,121,66,55,61,0.0352897999982815,0.888528138528139,0.944444444444444,0.607142857142857,0.739130434782609,0.80327868852459,0.889001945119856
cleveland,random_forest,8,0.5,242,121,66,55,61,0.904630299999553,0.831709956709957,0.857142857142857,0.642857142857143,0.73469387755102,0.786885245901639,0.852941992130964
cleveland,logistic_regression,8,0.25,242,61,33,28,61,0.0455556000015348,0.865800865800866,0.944444444444444,0.607142857142857,0.739130434782609,0.80327868852459,0.888293108817552
cleveland,random_forest,8,0.25,242,61,33,28,61,1.10333189999801,0.837662337662338,0.9,0.642857142857143,0.75,0.80327868852459,0.864121705659823
cleveland,logistic_regression,8,0.1,242,24,13,11,61,0.0344974000036017,0.884199134199134,0.894736842105263,0.607142857142857,0.723404255319149,0.786885245901639,0.883488305154215
cleveland,random_forest,8,0.1,242,24,13,11,61,0.853346099996998,0.849025974025974,0.823529411764706,0.5,0.622222222222222,0.721311475409836,0.853464010839374
cleveland,logistic_regression,8,0.05,242,12,6,6,61,0.0395382999995489,0.845238095238095,0.739130434782609,0.607142857142857,0.666666666666667,0.721311475409836,0.842958822803723
cleveland,random_forest,8,0.05,242,12,6,6,61,0.840256499999668,0.858766233766234,0.842105263157895,0.571428571428571,0.680851063829787,0.754098360655738,0.860461631482528
cleveland,logistic_regression,9,1,242,242,131,111,61,0.0397907999940797,0.817099567099567,0.782608695652174,0.642857142857143,0.705882352941177,0.754098360655738,0.780456418343778
cleveland,random_forest,9,1,242,242,131,111,61,0.905822999993688,0.836038961038961,0.772727272727273,0.607142857142857,0.68,0.737704918032787,0.817665877456431
cleveland,logistic_regression,9,0.5,242,121,66,55,61,0.0411050999973667,0.791125541125541,0.72,0.642857142857143,0.679245283018868,0.721311475409836,0.773088768753103
cleveland,random_forest,9,0.5,242,121,66,55,61,0.843496599998616,0.801948051948052,0.75,0.642857142857143,0.692307692307692,0.737704918032787,0.78575154606078
cleveland,logistic_regression,9,0.25,242,61,33,28,61,0.0341836000006877,0.807359307359307,0.703703703703704,0.678571428571429,0.690909090909091,0.721311475409836,0.77830661239756
cleveland,random_forest,9,0.25,242,61,33,28,61,0.91309960000217,0.804112554112554,0.692307692307692,0.642857142857143,0.666666666666667,0.704918032786885,0.813258456686831
cleveland,logistic_regression,9,0.1,242,24,13,11,61,0.0347399000020231,0.761904761904762,0.642857142857143,0.642857142857143,0.642857142857143,0.672131147540984,0.76305610545092
cleveland,random_forest,9,0.1,242,24,13,11,61,0.852047800006403,0.777056277056277,0.72,0.642857142857143,0.679245283018868,0.721311475409836,0.776138192041749
cleveland,logistic_regression,9,0.05,242,12,6,6,61,0.0347534000029552,0.767316017316017,0.645161290322581,0.714285714285714,0.677966101694915,0.688524590163934,0.745382189348411
cleveland,random_forest,9,0.05,242,12,6,6,61,0.851623999995354,0.757575757575758,0.653846153846154,0.607142857142857,0.62962962962963,0.672131147540984,0.742043963699405
cleveland,logistic_regression,10,1,242,242,131,111,61,0.0374808999986271,0.912337662337662,0.916666666666667,0.785714285714286,0.846153846153846,0.868852459016393,0.909332170771811
cleveland,random_forest,10,1,242,242,131,111,61,0.927062399998249,0.900432900432901,0.875,0.75,0.807692307692308,0.836065573770492,0.886360621008572
cleveland,logistic_regression,10,0.5,242,121,66,55,61,0.0373349000001326,0.896103896103896,0.88,0.785714285714286,0.830188679245283,0.852459016393443,0.893034114073536
cleveland,random_forest,10,0.5,242,121,66,55,61,0.948213900002884,0.91504329004329,0.95,0.678571428571429,0.791666666666667,0.836065573770492,0.901300989207636
cleveland,logistic_regression,10,0.25,242,61,33,28,61,0.0379858000014791,0.866883116883117,0.84,0.75,0.792452830188679,0.819672131147541,0.860140741723198
cleveland,random_forest,10,0.25,242,61,33,28,61,0.906992500000342,0.905844155844156,0.904761904761905,0.678571428571429,0.775510204081633,0.819672131147541,0.893574673079814
cleveland,logistic_regression,10,0.1,242,24,13,11,61,0.0408390000011421,0.827922077922078,0.785714285714286,0.785714285714286,0.785714285714286,0.80327868852459,0.814213193392117
cleveland,random_forest,10,0.1,242,24,13,11,61,0.881855599996925,0.868506493506494,0.8,0.714285714285714,0.754716981132076,0.786885245901639,0.853671402224634
cleveland,logistic_regression,10,0.05,242,12,6,6,61,0.0535654999985126,0.772727272727273,0.6,0.75,0.666666666666667,0.655737704918033,0.804147186724033
cleveland,random_forest,10,0.05,242,12,6,6,61,0.911879999999655,0.846861471861472,0.685714285714286,0.857142857142857,0.761904761904762,0.754098360655738,0.850692128677066
cleveland,logistic_regression,11,1,242,242,131,111,61,0.0410121000022627,0.911255411255411,0.857142857142857,0.857142857142857,0.857142857142857,0.868852459016393,0.930024673554574
cleveland,random_forest,11,1,242,242,131,111,61,1.2251985000039,0.897186147186147,0.777777777777778,0.75,0.763636363636364,0.786885245901639,0.912954669929834
cleveland,logistic_regression,11,0.5,242,121,66,55,61,0.0866740999990723,0.914502164502164,0.851851851851852,0.821428571428571,0.836363636363636,0.852459016393443,0.930116654017944
cleveland,random_forest,11,0.5,242,121,66,55,61,0.865227300004335,0.90530303030303,0.88,0.785714285714286,0.830188679245283,0.852459016393443,0.911527490424808
cleveland,logistic_regression,11,0.25,242,61,33,28,61,0.0389980999971156,0.914502164502165,0.958333333333333,0.821428571428571,0.884615384615385,0.901639344262295,0.934478047740143
cleveland,random_forest,11,0.25,242,61,33,28,61,0.959708300004422,0.916666666666667,0.821428571428571,0.821428571428571,0.821428571428571,0.836065573770492,0.925346923384914
cleveland,logistic_regression,11,0.1,242,24,13,11,61,0.0525698999990708,0.873376623376623,0.772727272727273,0.607142857142857,0.68,0.737704918032787,0.88577113462127
cleveland,random_forest,11,0.1,242,24,13,11,61,0.977748600002087,0.858766233766234,0.842105263157895,0.571428571428571,0.680851063829787,0.754098360655738,0.837383532254661
cleveland,logistic_regression,11,0.05,242,12,6,6,61,0.0594905000034485,0.878787878787879,0.791666666666667,0.678571428571429,0.730769230769231,0.770491803278688,0.890250333343066
cleveland,random_forest,11,0.05,242,12,6,6,61,1.03154540000105,0.8495670995671,0.739130434782609,0.607142857142857,0.666666666666667,0.721311475409836,0.864239730709309
cleveland,logistic_regression,12,1,242,242,131,111,61,0.0841700000019044,0.928571428571429,0.884615384615385,0.821428571428571,0.851851851851852,0.868852459016393,0.945657959753335
cleveland,random_forest,12,1,242,242,131,111,61,0.951402400001825,0.945887445887446,0.888888888888889,0.857142857142857,0.872727272727273,0.885245901639344,0.95665928307952
cleveland,logistic_regression,12,0.5,242,121,66,55,61,0.0491561999951954,0.927489177489177,0.764705882352941,0.928571428571429,0.838709677419355,0.836065573770492,0.943707613860818
cleveland,random_forest,12,0.5,242,121,66,55,61,0.825923600001261,0.937770562770563,0.787878787878788,0.928571428571429,0.852459016393443,0.852459016393443,0.948751857213252
cleveland,logistic_regression,12,0.25,242,61,33,28,61,0.0831611000030534,0.914502164502165,0.722222222222222,0.928571428571429,0.8125,0.80327868852459,0.925800224938603
cleveland,random_forest,12,0.25,242,61,33,28,61,0.841997199997422,0.929112554112554,0.735294117647059,0.892857142857143,0.806451612903226,0.80327868852459,0.943044653758939
cleveland,logistic_regression,12,0.1,242,24,13,11,61,0.0331804000015836,0.887445887445887,0.685714285714286,0.857142857142857,0.761904761904762,0.754098360655738,0.906598667330541
cleveland,random_forest,12,0.1,242,24,13,11,61,0.867734200000996,0.883658008658009,0.821428571428571,0.821428571428571,0.821428571428571,0.836065573770492,0.907493152713934
cleveland,logistic_regression,12,0.05,242,12,6,6,61,0.0514515000031676,0.91017316017316,0.619047619047619,0.928571428571429,0.742857142857143,0.704918032786885,0.931656520194237
cleveland,random_forest,12,0.05,242,12,6,6,61,0.876571900000272,0.892316017316017,0.565217391304348,0.928571428571429,0.702702702702703,0.639344262295082,0.924260798537574
cleveland,logistic_regression,13,1,242,242,131,111,61,0.0374461000028532,0.902597402597403,0.826086956521739,0.678571428571429,0.745098039215686,0.786885245901639,0.879896544234779
cleveland,random_forest,13,1,242,242,131,111,61,0.921237399998063,0.852272727272727,0.777777777777778,0.75,0.763636363636364,0.786885245901639,0.815121951280214
cleveland,logistic_regression,13,0.5,242,121,66,55,61,0.0460007000001496,0.885281385281385,0.76,0.678571428571429,0.716981132075472,0.754098360655738,0.859754926834338
cleveland,random_forest,13,0.5,242,121,66,55,61,1.02234760000283,0.845238095238095,0.833333333333333,0.714285714285714,0.769230769230769,0.80327868852459,0.815196007439945
cleveland,logistic_regression,13,0.25,242,61,33,28,61,0.0409532999983638,0.835497835497836,0.724137931034483,0.75,0.736842105263158,0.754098360655738,0.794951371454715
cleveland,random_forest,13,0.25,242,61,33,28,61,1.1037856000039,0.827380952380952,0.740740740740741,0.714285714285714,0.727272727272727,0.754098360655738,0.760622177831024
cleveland,logistic_regression,13,0.1,242,24,13,11,61,0.0379109999994398,0.814935064935065,0.724137931034483,0.75,0.736842105263158,0.754098360655738,0.768727062849231
cleveland,random_forest,13,0.1,242,24,13,11,61,0.840025800003786,0.821428571428571,0.740740740740741,0.714285714285714,0.727272727272727,0.754098360655738,0.774682705430622
cleveland,logistic_regression,13,0.05,242,12,6,6,61,0.0430282000015722,0.803030303030303,0.740740740740741,0.714285714285714,0.727272727272727,0.754098360655738,0.745227534261811
cleveland,random_forest,13,0.05,242,12,6,6,61,0.8329756000021,0.841450216450216,0.8,0.714285714285714,0.754716981132076,0.786885245901639,0.79008695900894
cleveland,logistic_regression,14,1,242,242,131,111,61,0.0351754000002982,0.906926406926407,0.857142857142857,0.857142857142857,0.857142857142857,0.868852459016393,0.908535678598268
cleveland,random_forest,14,1,242,242,131,111,61,0.9340799000056,0.903679653679654,0.821428571428571,0.821428571428571,0.821428571428571,0.836065573770492,0.910089458021789
cleveland,logistic_regression,14,0.5,242,121,66,55,61,0.0347230000043054,0.91017316017316,0.827586206896552,0.857142857142857,0.842105263157895,0.852459016393443,0.902724058267484
cleveland,random_forest,14,0.5,242,121,66,55,61,0.823984000002383,0.916666666666667,0.78125,0.892857142857143,0.833333333333333,0.836065573770492,0.90403666857227
cleveland,logistic_regression,14,0.25,242,61,33,28,61,0.0335403999997652,0.853896103896104,0.75,0.857142857142857,0.8,0.80327868852459,0.825838216625827
cleveland,random_forest,14,0.25,242,61,33,28,61,0.856095100003585,0.888528138528139,0.78125,0.892857142857143,0.833333333333333,0.836065573770492,0.859245675091348
cleveland,logistic_regression,14,0.1,242,24,13,11,61,0.0395626000026823,0.823593073593074,0.724137931034483,0.75,0.736842105263158,0.754098360655738,0.781469419061092
cleveland,random_forest,14,0.1,242,24,13,11,61,0.896208099999057,0.84469696969697,0.67741935483871,0.75,0.711864406779661,0.721311475409836,0.816280602969686
cleveland,logistic_regression,14,0.05,242,12,6,6,61,0.0376560000004246,0.714285714285714,0.62962962962963,0.607142857142857,0.618181818181818,0.655737704918033,0.659282101852665
cleveland,random_forest,14,0.05,242,12,6,6,61,0.83095090000279,0.645562770562771,0.545454545454545,0.642857142857143,0.590163934426229,0.590163934426229,0.553572440642074
cleveland,logistic_regression,15,1,242,242,131,111,61,0.033870500003104,0.891774891774892,0.954545454545455,0.75,0.84,0.868852459016393,0.920821462561894
cleveland,random_forest,15,1,242,242,131,111,61,0.92453789999854,0.867424242424242,0.904761904761905,0.678571428571429,0.775510204081633,0.819672131147541,0.890761671852473
cleveland,logistic_regression,15,0.5,242,121,66,55,61,0.0421283999967271,0.891774891774892,1,0.642857142857143,0.782608695652174,0.836065573770492,0.916217616663981
cleveland,random_forest,15,0.5,242,121,66,55,61,0.910819000004267,0.854437229437229,0.904761904761905,0.678571428571429,0.775510204081633,0.819672131147541,0.878710217366055
cleveland,logistic_regression,15,0.25,242,61,33,28,61,0.0340635000029577,0.87987012987013,0.904761904761905,0.678571428571429,0.775510204081633,0.819672131147541,0.88941428844918
cleveland,random_forest,15,0.25,242,61,33,28,61,0.875599600003625,0.851190476190476,0.894736842105263,0.607142857142857,0.723404255319149,0.786885245901639,0.878750941545032
cleveland,logistic_regression,15,0.1,242,24,13,11,61,0.03428719999647,0.856060606060606,0.791666666666667,0.678571428571429,0.730769230769231,0.770491803278688,0.857969657658276
cleveland,random_forest,15,0.1,242,24,13,11,61,0.852823900000658,0.876623376623377,0.944444444444444,0.607142857142857,0.739130434782609,0.80327868852459,0.8906668262402
cleveland,logistic_regression,15,0.05,242,12,6,6,61,0.0422479000044403,0.864718614718615,0.888888888888889,0.571428571428571,0.695652173913043,0.770491803278688,0.870079745429557
cleveland,random_forest,15,0.05,242,12,6,6,61,0.863400599999295,0.871212121212121,1,0.607142857142857,0.755555555555556,0.819672131147541,0.892262194425901
cleveland,logistic_regression,16,1,242,242,131,111,61,0.0336174000040044,0.884199134199134,0.846153846153846,0.785714285714286,0.814814814814815,0.836065573770492,0.874419880149116
cleveland,random_forest,16,1,242,242,131,111,61,0.940739400000894,0.871212121212121,0.769230769230769,0.714285714285714,0.740740740740741,0.770491803278688,0.858648179628249
cleveland,logistic_regression,16,0.5,242,121,66,55,61,0.0373618000012356,0.884199134199134,0.814814814814815,0.785714285714286,0.8,0.819672131147541,0.86583089861021
cleveland,random_forest,16,0.5,242,121,66,55,61,0.854711699998006,0.863636363636364,0.75,0.75,0.75,0.770491803278688,0.829224169635333
cleveland,logistic_regression,16,0.25,242,61,33,28,61,0.0352485000039449,0.874458874458874,0.826086956521739,0.678571428571429,0.745098039215686,0.786885245901639,0.845343399410756
cleveland,random_forest,16,0.25,242,61,33,28,61,0.92036360000202,0.850649350649351,0.8,0.714285714285714,0.754716981132076,0.786885245901639,0.82131802633803
cleveland,logistic_regression,16,0.1,242,24,13,11,61,0.0356644000057712,0.863636363636364,0.821428571428571,0.821428571428571,0.821428571428571,0.836065573770492,0.848487156681158
cleveland,random_forest,16,0.1,242,24,13,11,61,0.921006199998374,0.817099567099567,0.75,0.642857142857143,0.692307692307692,0.737704918032787,0.770094521277119
cleveland,logistic_regression,16,0.05,242,12,6,6,61,0.0357283999983337,0.845238095238095,0.76,0.678571428571429,0.716981132075472,0.754098360655738,0.833461555968324
cleveland,random_forest,16,0.05,242,12,6,6,61,0.860875300000771,0.826298701298701,0.739130434782609,0.607142857142857,0.666666666666667,0.721311475409836,0.768285384583511
cleveland,logistic_regression,17,1,242,242,131,111,61,0.0375148000020998,0.941558441558442,0.857142857142857,0.857142857142857,0.857142857142857,0.868852459016393,0.936150729603784
cleveland,random_forest,17,1,242,242,131,111,61,0.880376599998271,0.902597402597403,0.827586206896552,0.857142857142857,0.842105263157895,0.852459016393443,0.902923350983362
cleveland,logistic_regression,17,0.5,242,121,66,55,61,0.0374893000043812,0.932900432900433,0.884615384615385,0.821428571428571,0.851851851851852,0.868852459016393,0.939723561602543
cleveland,random_forest,17,0.5,242,121,66,55,61,0.912652300001355,0.900974025974026,0.785714285714286,0.785714285714286,0.785714285714286,0.80327868852459,0.908996768053607
cleveland,logistic_regression,17,0.25,242,61,33,28,61,0.0354695999994874,0.949134199134199,0.862068965517241,0.892857142857143,0.87719298245614,0.885245901639344,0.938116714059168
cleveland,random_forest,17,0.25,242,61,33,28,61,0.898435900002369,0.917207792207792,0.75,0.75,0.75,0.770491803278688,0.914229060562026
cleveland,logistic_regression,17,0.1,242,24,13,11,61,0.0421111000032396,0.847402597402597,0.740740740740741,0.714285714285714,0.727272727272727,0.754098360655738,0.788086631969086
cleveland,random_forest,17,0.1,242,24,13,11,61,0.818095099995844,0.896103896103896,0.791666666666667,0.678571428571429,0.730769230769231,0.770491803278688,0.863240944422137
cleveland,logistic_regression,17,0.05,242,12,6,6,61,0.0342955000014626,0.874458874458874,0.769230769230769,0.714285714285714,0.740740740740741,0.770491803278688,0.835525118070241
cleveland,random_forest,17,0.05,242,12,6,6,61,0.800162899999123,0.922619047619048,0.833333333333333,0.714285714285714,0.769230769230769,0.80327868852459,0.914224209788811
cleveland,logistic_regression,18,1,242,242,131,111,61,0.0340454999968642,0.888528138528139,0.814814814814815,0.785714285714286,0.8,0.819672131147541,0.906109720090262
cleveland,random_forest,18,1,242,242,131,111,61,1.12500020000152,0.863636363636364,0.7,0.75,0.724137931034483,0.737704918032787,0.881622528699109
cleveland,logistic_regression,18,0.5,242,121,66,55,61,0.0542571999976644,0.890692640692641,0.766666666666667,0.821428571428571,0.793103448275862,0.80327868852459,0.908019240405803
cleveland,random_forest,18,0.5,242,121,66,55,61,1.08169649999763,0.87987012987013,0.807692307692308,0.75,0.777777777777778,0.80327868852459,0.891655058872695
cleveland,logistic_regression,18,0.25,242,61,33,28,61,0.054517399999895,0.887445887445887,0.785714285714286,0.785714285714286,0.785714285714286,0.80327868852459,0.900897963751307
cleveland,random_forest,18,0.25,242,61,33,28,61,1.05525569999736,0.865800865800866,0.8,0.714285714285714,0.754716981132076,0.786885245901639,0.879593567492908
cleveland,logistic_regression,18,0.1,242,24,13,11,61,0.0488417999949887,0.793290043290043,0.714285714285714,0.714285714285714,0.714285714285714,0.737704918032787,0.811085806213306
cleveland,random_forest,18,0.1,242,24,13,11,61,0.947466599995096,0.806277056277056,0.75,0.75,0.75,0.770491803278688,0.782664752939246
cleveland,logistic_regression,18,0.05,242,12,6,6,61,0.0461949999953503,0.729437229437229,0.642857142857143,0.642857142857143,0.642857142857143,0.672131147540984,0.77356248404422
cleveland,random_forest,18,0.05,242,12,6,6,61,1.01320159999887,0.70995670995671,0.655172413793103,0.678571428571429,0.666666666666667,0.688524590163934,0.657965845916259
cleveland,logistic_regression,19,1,242,242,131,111,61,0.0543496000027516,0.904761904761905,0.793103448275862,0.821428571428571,0.807017543859649,0.819672131147541,0.885446647838133
cleveland,random_forest,19,1,242,242,131,111,61,1.16357150000113,0.904761904761905,0.75,0.857142857142857,0.8,0.80327868852459,0.887806236272917
cleveland,logistic_regression,19,0.5,242,121,66,55,61,0.0733546999981626,0.891774891774892,0.733333333333333,0.785714285714286,0.758620689655172,0.770491803278688,0.866581556424264
cleveland,random_forest,19,0.5,242,121,66,55,61,0.981888599999365,0.871753246753247,0.71875,0.821428571428571,0.766666666666667,0.770491803278688,0.837615335967445
cleveland,logistic_regression,19,0.25,242,61,33,28,61,0.0363381999995908,0.903679653679654,0.78125,0.892857142857143,0.833333333333333,0.836065573770492,0.887671907184022
cleveland,random_forest,19,0.25,242,61,33,28,61,0.935129600002256,0.858766233766234,0.774193548387097,0.857142857142857,0.813559322033898,0.819672131147541,0.820918770107259
cleveland,logistic_regression,19,0.1,242,24,13,11,61,0.0366179999982704,0.866883116883117,0.733333333333333,0.785714285714286,0.758620689655172,0.770491803278688,0.835917118285538
cleveland,random_forest,19,0.1,242,24,13,11,61,1.01980209999601,0.924242424242424,0.807692307692308,0.75,0.777777777777778,0.80327868852459,0.92277689352822
cleveland,logistic_regression,19,0.05,242,12,6,6,61,0.0499809999964781,0.840909090909091,0.685714285714286,0.857142857142857,0.761904761904762,0.754098360655738,0.801267933956928
cleveland,random_forest,19,0.05,242,12,6,6,61,1.15522159999819,0.875541125541126,0.833333333333333,0.714285714285714,0.769230769230769,0.80327868852459,0.868732856972177
cleveland,logistic_regression,20,1,242,242,131,111,61,0.0671275999993666,0.927489177489177,0.958333333333333,0.821428571428571,0.884615384615385,0.901639344262295,0.9166849800182
cleveland,random_forest,20,1,242,242,131,111,61,1.1793905999948,0.91504329004329,0.814814814814815,0.785714285714286,0.8,0.819672131147541,0.912416861774417
cleveland,logistic_regression,20,0.5,242,121,66,55,61,0.0477697999958763,0.906926406926407,0.916666666666667,0.785714285714286,0.846153846153846,0.868852459016393,0.906781733558444
cleveland,random_forest,20,0.5,242,121,66,55,61,0.95417979999911,0.88474025974026,0.821428571428571,0.821428571428571,0.821428571428571,0.836065573770492,0.887515488540866
cleveland,logistic_regression,20,0.25,242,61,33,28,61,0.0882240999999339,0.871212121212121,0.814814814814815,0.785714285714286,0.8,0.819672131147541,0.842408011118335
cleveland,random_forest,20,0.25,242,61,33,28,61,0.997369299999264,0.825757575757576,0.791666666666667,0.678571428571429,0.730769230769231,0.770491803278688,0.830462234104037
cleveland,logistic_regression,20,0.1,242,24,13,11,61,0.0517930000060004,0.756493506493506,0.67741935483871,0.75,0.711864406779661,0.721311475409836,0.724517010057048
cleveland,random_forest,20,0.1,242,24,13,11,61,1.03592529999878,0.778679653679654,0.696969696969697,0.821428571428571,0.754098360655738,0.754098360655738,0.761970929102299
cleveland,logistic_regression,20,0.05,242,12,6,6,61,0.0730696000027818,0.82034632034632,0.727272727272727,0.857142857142857,0.786885245901639,0.786885245901639,0.78759502907714
cleveland,random_forest,20,0.05,242,12,6,6,61,1.14704840000195,0.814393939393939,0.793103448275862,0.821428571428571,0.807017543859649,0.819672131147541,0.812776585223033
cleveland,logistic_regression,21,1,242,242,131,111,61,0.0631657999983872,0.927489177489177,0.916666666666667,0.785714285714286,0.846153846153846,0.868852459016393,0.923131406800941
cleveland,random_forest,21,1,242,242,131,111,61,1.20478459999867,0.908549783549784,0.869565217391304,0.714285714285714,0.784313725490196,0.819672131147541,0.898577937113466
cleveland,logistic_regression,21,0.5,242,121,66,55,61,0.0533557000017026,0.91991341991342,0.88,0.785714285714286,0.830188679245283,0.852459016393443,0.924216691819469
cleveland,random_forest,21,0.5,242,121,66,55,61,1.26109080000606,0.893939393939394,0.91304347826087,0.75,0.823529411764706,0.852459016393443,0.909164938463921
cleveland,logistic_regression,21,0.25,242,61,33,28,61,1.7386120999945,0.905844155844156,0.88,0.785714285714286,0.830188679245283,0.852459016393443,0.923730447863825
cleveland,random_forest,21,0.25,242,61,33,28,61,0.95087760000024,0.913961038961039,0.84,0.75,0.792452830188679,0.819672131147541,0.923746753424422
cleveland,logistic_regression,21,0.1,242,24,13,11,61,0.0395682000016676,0.901515151515151,0.8,0.714285714285714,0.754716981132076,0.786885245901639,0.90132155600702
cleveland,random_forest,21,0.1,242,24,13,11,61,1.07605260000128,0.897186147186147,0.85,0.607142857142857,0.708333333333333,0.770491803278688,0.892307499314973
cleveland,logistic_regression,21,0.05,242,12,6,6,61,0.0465935000029275,0.863636363636364,0.75,0.857142857142857,0.8,0.80327868852459,0.853149539930517
cleveland,random_forest,21,0.05,242,12,6,6,61,1.11253479999868,0.858225108225108,0.85,0.607142857142857,0.708333333333333,0.770491803278688,0.859130091293725
cleveland,logistic_regression,22,1,242,242,131,111,61,0.149013499998546,0.909090909090909,0.88,0.785714285714286,0.830188679245283,0.852459016393443,0.863975723700009
cleveland,random_forest,22,1,242,242,131,111,61,1.03837750000093,0.879329004329004,0.846153846153846,0.785714285714286,0.814814814814815,0.836065573770492,0.836097134196475
cleveland,logistic_regression,22,0.5,242,121,66,55,61,0.347994600000675,0.888528138528139,0.793103448275862,0.821428571428571,0.807017543859649,0.819672131147541,0.864521514060006
cleveland,random_forest,22,0.5,242,121,66,55,61,1.07573379999667,0.890692640692641,0.821428571428571,0.821428571428571,0.821428571428571,0.836065573770492,0.852897290685586
cleveland,logistic_regression,22,0.25,242,61,33,28,61,0.0469333000000915,0.87987012987013,0.766666666666667,0.821428571428571,0.793103448275862,0.80327868852459,0.854007575948713
cleveland,random_forest,22,0.25,242,61,33,28,61,1.09353120000014,0.882034632034632,0.84,0.75,0.792452830188679,0.819672131147541,0.844588968021943
cleveland,logistic_regression,22,0.1,242,24,13,11,61,0.0512851000021328,0.798701298701299,0.730769230769231,0.678571428571429,0.703703703703704,0.737704918032787,0.766691860762974
cleveland,random_forest,22,0.1,242,24,13,11,61,1.15540529999998,0.885281385281385,0.818181818181818,0.642857142857143,0.72,0.770491803278688,0.838414284605976
cleveland,logistic_regression,22,0.05,242,12,6,6,61,0.24243469999783,0.845238095238095,0.730769230769231,0.678571428571429,0.703703703703704,0.737704918032787,0.828423836293228
cleveland,random_forest,22,0.05,242,12,6,6,61,1.11475889999565,0.886363636363636,0.807692307692308,0.75,0.777777777777778,0.80327868852459,0.867638778601705
cleveland,logistic_regression,23,1,242,242,131,111,61,0.0365706000011414,0.925324675324675,0.909090909090909,0.714285714285714,0.8,0.836065573770492,0.93031103389197
cleveland,random_forest,23,1,242,242,131,111,61,1.05013260000123,0.941558441558442,0.875,0.75,0.807692307692308,0.836065573770492,0.942885368599654
cleveland,logistic_regression,23,0.5,242,121,66,55,61,0.0770119999942835,0.933982683982684,0.916666666666667,0.785714285714286,0.846153846153846,0.868852459016393,0.941184933952894
cleveland,random_forest,23,0.5,242,121,66,55,61,1.12869389999832,0.936688311688312,0.916666666666667,0.785714285714286,0.846153846153846,0.868852459016393,0.936209786524869
cleveland,logistic_regression,23,0.25,242,61,33,28,61,0.0413036000027204,0.922077922077922,0.954545454545455,0.75,0.84,0.868852459016393,0.929952743523107
cleveland,random_forest,23,0.25,242,61,33,28,61,1.00664339999639,0.942640692640693,0.857142857142857,0.857142857142857,0.857142857142857,0.868852459016393,0.939461560401963
cleveland,logistic_regression,23,0.1,242,24,13,11,61,0.0579599999982746,0.857142857142857,0.954545454545455,0.75,0.84,0.868852459016393,0.893204375777024
cleveland,random_forest,23,0.1,242,24,13,11,61,1.10596709999663,0.885281385281385,0.863636363636364,0.678571428571429,0.76,0.80327868852459,0.877354616011396
cleveland,logistic_regression,23,0.05,242,12,6,6,61,0.322911199997179,0.822510822510823,0.75,0.642857142857143,0.692307692307692,0.737704918032787,0.856900099593694
cleveland,random_forest,23,0.05,242,12,6,6,61,1.02624189999915,0.886363636363636,0.785714285714286,0.785714285714286,0.785714285714286,0.80327868852459,0.888311740106342
cleveland,logistic_regression,24,1,242,242,131,111,61,0.0469871000022974,0.926406926406926,0.884615384615385,0.821428571428571,0.851851851851852,0.868852459016393,0.901258651693341
cleveland,random_forest,24,1,242,242,131,111,61,1.17379179999989,0.941558441558441,0.851851851851852,0.821428571428571,0.836363636363636,0.852459016393443,0.921858576315289
cleveland,logistic_regression,24,0.5,242,121,66,55,61,0.0603436000019427,0.935064935064935,0.916666666666667,0.785714285714286,0.846153846153846,0.868852459016393,0.920486213884762
cleveland,random_forest,24,0.5,242,121,66,55,61,1.07449479999923,0.964285714285714,0.92,0.821428571428571,0.867924528301887,0.885245901639344,0.957288769686353
cleveland,logistic_regression,24,0.25,242,61,33,28,61,0.0488946000041323,0.937229437229437,0.827586206896552,0.857142857142857,0.842105263157895,0.852459016393443,0.922971785631736
cleveland,random_forest,24,0.25,242,61,33,28,61,1.06582459999481,0.95021645021645,0.958333333333333,0.821428571428571,0.884615384615385,0.901639344262295,0.936201559563192
cleveland,logistic_regression,24,0.1,242,24,13,11,61,0.0628876000046146,0.935064935064935,0.806451612903226,0.892857142857143,0.847457627118644,0.852459016393443,0.928165500518126
cleveland,random_forest,24,0.1,242,24,13,11,61,1.13252070000453,0.935064935064935,0.888888888888889,0.857142857142857,0.872727272727273,0.885245901639344,0.937791982559204
cleveland,logistic_regression,24,0.05,242,12,6,6,61,0.0869619000004604,0.875541125541126,0.774193548387097,0.857142857142857,0.813559322033898,0.819672131147541,0.861864276001897
cleveland,random_forest,24,0.05,242,12,6,6,61,1.07213549999869,0.905844155844156,0.827586206896552,0.857142857142857,0.842105263157895,0.852459016393443,0.898380852039475
cleveland,logistic_regression,25,1,242,242,131,111,61,0.0838724999994154,0.946969696969697,0.954545454545455,0.75,0.84,0.868852459016393,0.946098100301313
cleveland,random_forest,25,1,242,242,131,111,61,1.18637070000113,0.913961038961039,0.91304347826087,0.75,0.823529411764706,0.852459016393443,0.912345796721303
cleveland,logistic_regression,25,0.5,242,121,66,55,61,0.0526054000001748,0.875541125541126,0.869565217391304,0.714285714285714,0.784313725490196,0.819672131147541,0.896166559144794
cleveland,random_forest,25,0.5,242,121,66,55,61,1.07540110000264,0.9004329004329,0.9,0.642857142857143,0.75,0.80327868852459,0.912577543352458
cleveland,logistic_regression,25,0.25,242,61,33,28,61,0.0353335999971022,0.831168831168831,0.8,0.714285714285714,0.754716981132076,0.786885245901639,0.874781102121069
cleveland,random_forest,25,0.25,242,61,33,28,61,1.08850339999481,0.876082251082251,0.9,0.642857142857143,0.75,0.80327868852459,0.897243169748343
cleveland,logistic_regression,25,0.1,242,24,13,11,61,0.0425682999994023,0.814935064935065,0.769230769230769,0.714285714285714,0.740740740740741,0.770491803278688,0.811342991926251
cleveland,random_forest,25,0.1,242,24,13,11,61,1.10240280000289,0.841991341991342,0.769230769230769,0.714285714285714,0.740740740740741,0.770491803278688,0.853795046579002
cleveland,logistic_regression,25,0.05,242,12,6,6,61,0.035647599994263,0.758658008658009,0.666666666666667,0.785714285714286,0.721311475409836,0.721311475409836,0.773890341644812
cleveland,random_forest,25,0.05,242,12,6,6,61,1.14344459999847,0.785714285714286,0.7,0.75,0.724137931034483,0.737704918032787,0.745097246417901
cleveland,logistic_regression,26,1,242,242,131,111,61,0.0333332000009248,0.891774891774892,1,0.571428571428571,0.727272727272727,0.80327868852459,0.906377102759587
cleveland,random_forest,26,1,242,242,131,111,61,1.04375389999768,0.823593073593074,0.75,0.535714285714286,0.625,0.704918032786885,0.834312987206051
cleveland,logistic_regression,26,0.5,242,121,66,55,61,0.0596363000004202,0.88961038961039,0.9,0.642857142857143,0.75,0.80327868852459,0.891988669112189
cleveland,random_forest,26,0.5,242,121,66,55,61,1.04795709999598,0.842532467532468,0.8,0.571428571428571,0.666666666666667,0.737704918032787,0.83395757645291
cleveland,logistic_regression,26,0.25,242,61,33,28,61,0.0464126000006217,0.859307359307359,0.894736842105263,0.607142857142857,0.723404255319149,0.786885245901639,0.866432514965793
cleveland,random_forest,26,0.25,242,61,33,28,61,1.01104340000165,0.882575757575758,0.857142857142857,0.642857142857143,0.73469387755102,0.786885245901639,0.874765111750996
cleveland,logistic_regression,26,0.1,242,24,13,11,61,0.0465855000002192,0.866883116883117,0.863636363636364,0.678571428571429,0.76,0.80327868852459,0.868910787130048
cleveland,random_forest,26,0.1,242,24,13,11,61,1.08511849999923,0.873917748917749,0.888888888888889,0.571428571428571,0.695652173913043,0.770491803278688,0.875522823567462
cleveland,logistic_regression,26,0.05,242,12,6,6,61,0.0493423000007168,0.827922077922078,0.72,0.642857142857143,0.679245283018868,0.721311475409836,0.818791524420984
cleveland,random_forest,26,0.05,242,12,6,6,61,1.01848980000068,0.813311688311688,0.933333333333333,0.5,0.651162790697674,0.754098360655738,0.800133220296181
cleveland,logistic_regression,27,1,242,242,131,111,61,0.0518983000001752,0.955627705627706,0.8125,0.928571428571429,0.866666666666667,0.868852459016393,0.961772305075877
cleveland,random_forest,27,1,242,242,131,111,61,1.25531040000351,0.952380952380952,0.806451612903226,0.892857142857143,0.847457627118644,0.852459016393443,0.95495146168671
cleveland,logistic_regression,27,0.5,242,121,66,55,61,0.0576486000063596,0.903679653679654,0.757575757575758,0.892857142857143,0.819672131147541,0.819672131147541,0.910596399491602
cleveland,random_forest,27,0.5,242,121,66,55,61,1.54098079999676,0.945887445887446,0.8125,0.928571428571429,0.866666666666667,0.868852459016393,0.957001377173473
cleveland,logistic_regression,27,0.25,242,61,33,28,61,0.146210600003542,0.932900432900433,0.735294117647059,0.892857142857143,0.806451612903226,0.80327868852459,0.940677366935131
cleveland,random_forest,27,0.25,242,61,33,28,61,0.980985600006534,0.927489177489178,0.757575757575758,0.892857142857143,0.819672131147541,0.819672131147541,0.932109593109139
cleveland,logistic_regression,27,0.1,242,24,13,11,61,0.0675725999972199,0.853896103896104,0.85,0.607142857142857,0.708333333333333,0.770491803278688,0.84859384812463
cleveland,random_forest,27,0.1,242,24,13,11,61,0.899872999994841,0.91017316017316,0.846153846153846,0.785714285714286,0.814814814814815,0.836065573770492,0.897423144669114
cleveland,logistic_regression,27,0.05,242,12,6,6,61,0.051207800002885,0.80952380952381,0.666666666666667,0.714285714285714,0.689655172413793,0.704918032786885,0.796256365737712
cleveland,random_forest,27,0.05,242,12,6,6,61,1.2139415000056,0.883658008658009,0.741935483870968,0.821428571428571,0.779661016949153,0.786885245901639,0.867744021868321
cleveland,logistic_regression,28,1,242,242,131,111,61,0.0394368999986908,0.943722943722944,0.947368421052632,0.642857142857143,0.765957446808511,0.819672131147541,0.924469163818489
cleveland,random_forest,28,1,242,242,131,111,61,1.0175820000004,0.946969696969697,0.916666666666667,0.785714285714286,0.846153846153846,0.868852459016393,0.936565266508108
cleveland,logistic_regression,28,0.5,242,121,66,55,61,0.0515049999958136,0.925324675324675,0.9,0.642857142857143,0.75,0.80327868852459,0.900855928177393
cleveland,random_forest,28,0.5,242,121,66,55,61,0.928512099999352,0.932359307359307,0.95,0.678571428571429,0.791666666666667,0.836065573770492,0.930815372018505
cleveland,logistic_regression,28,0.25,242,61,33,28,61,0.0369092000037197,0.920995670995671,0.952380952380952,0.714285714285714,0.816326530612245,0.852459016393443,0.90231085525919
cleveland,random_forest,28,0.25,242,61,33,28,61,0.91874519999692,0.937229437229437,0.952380952380952,0.714285714285714,0.816326530612245,0.852459016393443,0.934332896204551
cleveland,logistic_regression,28,0.1,242,24,13,11,61,0.0346021000004839,0.901515151515151,0.785714285714286,0.785714285714286,0.785714285714286,0.80327868852459,0.880382434275014
cleveland,random_forest,28,0.1,242,24,13,11,61,0.849197499999718,0.887445887445887,0.777777777777778,0.75,0.763636363636364,0.786885245901639,0.894680145970455
cleveland,logistic_regression,28,0.05,242,12,6,6,61,0.0338833999994676,0.852813852813853,0.814814814814815,0.785714285714286,0.8,0.819672131147541,0.82133685521036
cleveland,random_forest,28,0.05,242,12,6,6,61,1.01948970000376,0.945887445887446,0.735294117647059,0.892857142857143,0.806451612903226,0.80327868852459,0.950706436420722
cleveland,logistic_regression,29,1,242,242,131,111,61,0.0368428000001585,0.935064935064935,0.846153846153846,0.785714285714286,0.814814814814815,0.836065573770492,0.915799597738891
cleveland,random_forest,29,1,242,242,131,111,61,1.01876629999606,0.9004329004329,0.785714285714286,0.785714285714286,0.785714285714286,0.80327868852459,0.905486077281717
cleveland,logistic_regression,29,0.5,242,121,66,55,61,0.0516226999970966,0.928571428571429,0.875,0.75,0.807692307692308,0.836065573770492,0.902106859121442
cleveland,random_forest,29,0.5,242,121,66,55,61,0.930372299997544,0.904220779220779,0.833333333333333,0.714285714285714,0.769230769230769,0.80327868852459,0.893469342037559
cleveland,logistic_regression,29,0.25,242,61,33,28,61,0.0354664000042248,0.903679653679654,0.904761904761905,0.678571428571429,0.775510204081633,0.819672131147541,0.873343250256149
cleveland,random_forest,29,0.25,242,61,33,28,61,0.947775500004354,0.86525974025974,0.807692307692308,0.75,0.777777777777778,0.80327868852459,0.861278153331266
cleveland,logistic_regression,29,0.1,242,24,13,11,61,0.0369434000022009,0.856060606060606,0.72,0.642857142857143,0.679245283018868,0.721311475409836,0.836801645392954
cleveland,random_forest,29,0.1,242,24,13,11,61,0.850613300004625,0.781385281385281,0.789473684210526,0.535714285714286,0.638297872340426,0.721311475409836,0.754132142422959
cleveland,logistic_regression,29,0.05,242,12,6,6,61,0.0374101999987032,0.622294372294372,0.476190476190476,0.357142857142857,0.408163265306122,0.524590163934426,0.620994206626273
cleveland,random_forest,29,0.05,242,12,6,6,61,1.57393420000153,0.522186147186147,0.461538461538462,0.642857142857143,0.537313432835821,0.491803278688525,0.475960772523012
diabetes,logistic_regression,0,1,202944,202944,174667,28277,50736,1.85807099999511,0.819847758027684,0.544730679156909,0.164521148677324,0.252716210343329,0.864435509303059,0.403633613485021
diabetes,random_forest,0,1,202944,202944,174667,28277,50736,62.7128545000014,0.801063338890973,0.500400641025641,0.176686942990522,0.261160480920021,0.860710343740145,0.380036268735118
diabetes,logistic_regression,0,0.5,202944,101472,87334,14138,50736,1.05961759999627,0.819661208453335,0.544256120527307,0.163530909605319,0.251495703252475,0.864376379690949,0.403353838244599
diabetes,random_forest,0,0.5,202944,101472,87334,14138,50736,24.6464242000002,0.801954153643732,0.503566932438103,0.16975526948649,0.253914515446466,0.861005991800694,0.382065198998545
diabetes,logistic_regression,0,0.25,202944,50736,43667,7069,50736,0.681409300006635,0.819590980845684,0.542134831460674,0.163813835054463,0.251602390005432,0.864218700725323,0.403197029181814
diabetes,random_forest,0,0.25,202944,50736,43667,7069,50736,7.8910745999965,0.80321945894465,0.515459363957597,0.165086999575612,0.250080360012858,0.862050614947966,0.387724704756303
diabetes,logistic_regression,0,0.1,202944,20294,17466,2828,50736,0.30431540000427,0.819064955719822,0.535635236830456,0.171169896732211,0.259433962264151,0.863844213181961,0.401764587513214
diabetes,random_forest,0,0.1,202944,20294,17466,2828,50736,2.86832950000098,0.80362511748862,0.527020991514069,0.166926014995049,0.25354533734422,0.863055818353832,0.391977108099238
diabetes,logistic_regression,0,0.05,202944,10147,8733,1414,50736,0.288126100000227,0.818624912277447,0.538706739526412,0.167350403168765,0.255369670804101,0.864021602018291,0.401631319758087
diabetes,random_forest,0,0.05,202944,10147,8733,1414,50736,1.89138960000128,0.801483946475237,0.536332179930796,0.153487056160702,0.238671359436868,0.863568274992116,0.391457866346885
diabetes,logistic_regression,0,0.01,202944,2029,1746,283,50736,0.218547399999807,0.80956754161223,0.505677517032551,0.188994200028293,0.275151889609721,0.861262220119836,0.387195534409734
diabetes,random_forest,0,0.01,202944,2029,1746,283,50736,1.46128060000046,0.788740340735683,0.536890951276102,0.163672372329891,0.250867302688638,0.863804793440555,0.384620962713081
diabetes,logistic_regression,1,1,202944,202944,174667,28277,50736,1.75451039999461,0.821981706398237,0.527426160337553,0.159145565143585,0.244512062595088,0.862976978871019,0.40510266795686
diabetes,random_forest,1,1,202944,202944,174667,28277,50736,65.4183606999941,0.803065990337895,0.500405844155844,0.174423539397369,0.258680373439631,0.860710343740145,0.37726369639759
diabetes,logistic_regression,1,0.5,202944,101472,87334,14138,50736,1.08220940000319,0.822013065529248,0.530893536121673,0.158013863347008,0.243540826338166,0.863233207190161,0.404753596530073
diabetes,random_forest,1,0.5,202944,101472,87334,14138,50736,23.4021875000035,0.804410728512039,0.520842286205415,0.171452822181355,0.257982120051086,0.862582781456954,0.38144553171263
diabetes,logistic_regression,1,0.25,202944,50736,43667,7069,50736,0.584669500000018,0.821582726247715,0.536943319838057,0.150091950770972,0.234604754007739,0.863548565121413,0.404614070454673
diabetes,random_forest,1,0.25,202944,50736,43667,7069,50736,7.88655940000172,0.80357783420384,0.511681172698122,0.158013863347008,0.24146130566364,0.861676127404604,0.380509795173369
diabetes,logistic_regression,1,0.1,202944,20294,17466,2828,50736,0.252360600003158,0.821554786493025,0.532480818414322,0.14726269627953,0.230718085106383,0.863174077578051,0.402638816953031
diabetes,random_forest,1,0.1,202944,20294,17466,2828,50736,2.62119430000166,0.801191026922873,0.51685393258427,0.14316027726694,0.224216240168384,0.861971775465153,0.378533848781524
diabetes,logistic_regression,1,0.05,202944,10147,8733,1414,50736,0.162794399999257,0.820252311874994,0.526031434184676,0.151506578016693,0.235255354200988,0.862760170293283,0.403119511993556
diabetes,random_forest,1,0.05,202944,10147,8733,1414,50736,2.12253670000064,0.799760355658936,0.518618456556935,0.135945678313764,0.215422550997534,0.862030905077263,0.377015236413482
diabetes,logistic_regression,1,0.01,202944,2029,1746,283,50736,0.16157640000165,0.810284572354251,0.529818956336528,0.140755410949215,0.222420923214485,0.862878429517502,0.393273805484449
diabetes,random_forest,1,0.01,202944,2029,1746,283,50736,1.32226010000159,0.78884807457673,0.490981963927856,0.103975102560475,0.171608685500817,0.860138757489751,0.357021326141355
diabetes,logistic_regression,2,1,202944,202944,174667,28277,50736,1.92134920000535,0.820597369222243,0.524064171122995,0.152496817088697,0.236248082401929,0.86262220119836,0.402422362588999
diabetes,random_forest,2,1,202944,202944,174667,28277,50736,68.5013833999983,0.800331318613912,0.497933884297521,0.170462583109351,0.253978290652334,0.860473825291706,0.373359418174382
diabetes,logistic_regression,2,0.5,202944,101472,87334,14138,50736,1.09679509999842,0.820519551279473,0.524829600778968,0.152496817088697,0.236325770031788,0.86268133081047,0.402373778051798
diabetes,random_forest,2,0.5,202944,101472,87334,14138,50736,22.4254761999982,0.803099001654528,0.49490662139219,0.16494553685104,0.247427055702918,0.860197887101861,0.377618608793868
diabetes,logistic_regression,2,0.25,202944,50736,43667,7069,50736,0.514084599999478,0.820630604069872,0.526849037487335,0.147121233554958,0.230012164104832,0.862760170293283,0.402415532103462
diabetes,random_forest,2,0.25,202944,50736,43667,7069,50736,6.89252879999549,0.802603145114155,0.512091038406828,0.152779742537841,0.235345391152757,0.861676127404604,0.37730411273224
diabetes,logistic_regression,2,0.1,202944,20294,17466,2828,50736,0.224491799999669,0.819848644052718,0.532274590163934,0.146979770830386,0.230351402283561,0.863154367707348,0.40015114772192
diabetes,random_forest,2,0.1,202944,20294,17466,2828,50736,2.46513509999932,0.806636452554284,0.514851485148515,0.13976517187721,0.219848687138407,0.861794386628824,0.38265472573686
diabetes,logistic_regression,2,0.05,202944,10147,8733,1414,50736,0.173288799996953,0.819227582618247,0.51707779886148,0.154194369783562,0.237550397733464,0.862090034689372,0.40014503580443
diabetes,random_forest,2,0.05,202944,10147,8733,1414,50736,1.78709899999376,0.80384478852531,0.515015015015015,0.145565143584665,0.226976949376861,0.861853516240933,0.387395827147974
diabetes,logistic_regression,2,0.01,202944,2029,1746,283,50736,0.124137699996936,0.814150877843638,0.50137741046832,0.154477295232706,0.236184708554126,0.860789183222958,0.388957592502746
diabetes,random_forest,2,0.01,202944,2029,1746,283,50736,1.35424739999871,0.797296483637468,0.523174157303371,0.105389729806196,0.175438596491228,0.861971775465153,0.375594116499451
diabetes,logistic_regression,3,1,202944,202944,174667,28277,50736,1.60734670000238,0.823752222525767,0.529880478087649,0.150516338944688,0.234438691197532,0.863036108483128,0.405404342330957
diabetes,random_forest,3,1,202944,202944,174667,28277,50736,69.2384372000015,0.805371212044959,0.496984318455971,0.174847927571085,0.258685642528254,0.86037527593819,0.380748517405458
diabetes,logistic_regression,3,0.5,202944,101472,87334,14138,50736,1.53670319999947,0.823641318756033,0.528019323671498,0.154618757957278,0.239194660247292,0.862957269000315,0.404855454006819
diabetes,random_forest,3,0.5,202944,101472,87334,14138,50736,26.2325292000023,0.806422083089691,0.50406852248394,0.166501626821333,0.250319013185878,0.8610454115421,0.384227286961208
diabetes,logistic_regression,3,0.25,202944,50736,43667,7069,50736,0.775427599997784,0.823381982306109,0.531203931203931,0.152921205262413,0.237478031634446,0.863174077578051,0.404723024834202
diabetes,random_forest,3,0.25,202944,50736,43667,7069,50736,8.81009030000132,0.805541084263271,0.512635379061372,0.160701655113877,0.244695745826602,0.86177467675812,0.389279023864459
diabetes,logistic_regression,3,0.1,202944,20294,17466,2828,50736,0.347826500001247,0.82283270347752,0.528891202498699,0.143726128165228,0.226028921023359,0.862858719646799,0.401830932457302
diabetes,random_forest,3,0.1,202944,20294,17466,2828,50736,3.05953610000142,0.805064067498353,0.533906882591093,0.149243174423539,0.233278054173577,0.863312046672974,0.386931078435097
diabetes,logistic_regression,3,0.05,202944,10147,8733,1414,50736,0.169390400005795,0.822270957126648,0.525161933233682,0.149101711698967,0.232260907888938,0.862661620939767,0.401161920279386
diabetes,random_forest,3,0.05,202944,10147,8733,1414,50736,2.29743799999414,0.804803299154224,0.533990147783251,0.15334559343613,0.238267941532036,0.863390886155787,0.390526210004085
diabetes,logistic_regression,3,0.01,202944,2029,1746,283,50736,0.14254069999879,0.819108877940715,0.519967064635653,0.178667421134531,0.26595072646873,0.862582781456954,0.396668668311261
diabetes,random_forest,3,0.01,202944,2029,1746,283,50736,1.48462410000502,0.802039649390272,0.514046328240513,0.147545621728674,0.229281160694658,0.861794386628824,0.383508797528052
diabetes,logistic_regression,4,1,202944,202944,174667,28277,50736,1.9311275,0.82326630663555,0.549672213817448,0.154194369783562,0.240830755634114,0.864553768527278,0.407130246441211
diabetes,random_forest,4,1,202944,202944,174667,28277,50736,76.6693790999998,0.801981992971453,0.493696624644164,0.171735747630499,0.254827875734677,0.860059918006938,0.377422671200259
diabetes,logistic_regression,4,0.5,202944,101472,87334,14138,50736,1.36191819999658,0.823088306311897,0.547276464542652,0.15065780166926,0.236272878535774,0.864297540208136,0.40653451156596
diabetes,random_forest,4,0.5,202944,101472,87334,14138,50736,22.5146574000028,0.80333984658381,0.506533101045296,0.164521148677324,0.248371596369461,0.861262220119836,0.377928397486642
diabetes,logistic_regression,4,0.25,202944,50736,43667,7069,50736,0.673092299999553,0.823332640268462,0.550075490689482,0.154618757957278,0.241386925795053,0.864593188268685,0.406707375584346
diabetes,random_forest,4,0.25,202944,50736,43667,7069,50736,7.36304900000687,0.804299883054738,0.510619069136918,0.159852878766445,0.243482008187891,0.861597287921791,0.383479396201666
diabetes,logistic_regression,4,0.1,202944,20294,17466,2828,50736,0.357585900004779,0.823213482049779,0.543132530120482,0.159428490592729,0.246500437445319,0.86419899085462,0.406115199800034
diabetes,random_forest,4,0.1,202944,20294,17466,2828,50736,2.71958650000306,0.804694964371152,0.514950166112957,0.153487056160702,0.236486486486486,0.861912645853043,0.383486458841913
diabetes,logistic_regression,4,0.05,202944,10147,8733,1414,50736,0.162991500001226,0.822603281306084,0.548628428927681,0.155608997029283,0.242450958783337,0.864514348785872,0.405599116664034
diabetes,random_forest,4,0.05,202944,10147,8733,1414,50736,1.95004909999989,0.804004574312382,0.526567481402763,0.140189560050927,0.221427773433136,0.862641911069063,0.386581116323792
diabetes,logistic_regression,4,0.01,202944,2029,1746,283,50736,0.154761699996015,0.815140997051195,0.523407844791227,0.175555241193945,0.262923728813559,0.862858719646799,0.39529921888645
diabetes,random_forest,4,0.01,202944,2029,1746,283,50736,1.46101869999984,0.796241817425176,0.505917159763314,0.145140755410949,0.225568868857865,0.861143960895617,0.376152701584237
diabetes,logistic_regression,5,1,202944,202944,174667,28277,50736,1.66905019999831,0.823797892499882,0.536736641221374,0.159145565143585,0.245499181669394,0.863706244087039,0.404977927872137
diabetes,random_forest,5,1,202944,202944,174667,28277,50736,64.9956552000003,0.804246081735703,0.505106048703849,0.181921063799689,0.267498699947998,0.861183380637023,0.380792903274353
diabetes,logistic_regression,5,0.5,202944,101472,87334,14138,50736,1.08265270000265,0.823705721599473,0.53935860058309,0.157023624275004,0.243234359592418,0.863863923052665,0.4042470316605
diabetes,random_forest,5,0.5,202944,101472,87334,14138,50736,23.7889222000012,0.805058731910669,0.500629458665548,0.168765030414486,0.252433347439695,0.860730053610848,0.379137798440821
diabetes,logistic_regression,5,0.25,202944,50736,43667,7069,50736,0.45446880000236,0.823810348683635,0.534682080924855,0.157023624275004,0.242755604155276,0.863509145380006,0.404555447107174
diabetes,random_forest,5,0.25,202944,50736,43667,7069,50736,7.09369639999932,0.806013133132797,0.520579981290926,0.15744801244872,0.24177256435321,0.862405392620624,0.385231897404502
diabetes,logistic_regression,5,0.1,202944,20294,17466,2828,50736,0.197509400000854,0.823143975248601,0.526339486717695,0.165369925024756,0.251668460710441,0.862976978871019,0.402957929232631
diabetes,random_forest,5,0.1,202944,20294,17466,2828,50736,2.75566310000431,0.806865866626772,0.523535062439962,0.154194369783562,0.238225330564966,0.862602491327657,0.388836653430011
diabetes,logistic_regression,5,0.05,202944,10147,8733,1414,50736,0.153684199998679,0.822218318816707,0.528873917228104,0.155467534304711,0.240297365256368,0.863036108483128,0.401048564695398
diabetes,random_forest,5,0.05,202944,10147,8733,1414,50736,1.89948730000469,0.804207397915103,0.51394422310757,0.127740840288584,0.20462270564242,0.861636707663198,0.38449963829901
diabetes,logistic_regression,5,0.01,202944,2029,1746,283,50736,0.123106699997152,0.816314029404945,0.514188422247446,0.1281652284623,0.205186275619975,0.861656417533901,0.387401732916529
diabetes,random_forest,5,0.01,202944,2029,1746,283,50736,1.40548480000143,0.798398235520181,0.497587870434183,0.102136087141038,0.169483568075117,0.860532954903816,0.371276204425505
diabetes,logistic_regression,6,1,202944,202944,174667,28277,50736,1.61728220000077,0.824656993387658,0.548262548262548,0.160701655113877,0.248550486817635,0.864612898139388,0.410766064044808
diabetes,random_forest,6,1,202944,202944,174667,28277,50736,64.8639645000003,0.804188190447359,0.506634499396864,0.178243032960815,0.263708664713269,0.861321349731946,0.384864018140145
diabetes,logistic_regression,6,0.5,202944,101472,87334,14138,50736,1.00653849999799,0.824473827554253,0.551150269211943,0.159287027868157,0.247146619841967,0.864790286975717,0.41099235329187
diabetes,random_forest,6,0.5,202944,101472,87334,14138,50736,24.0925837000032,0.804419868986021,0.507111111111111,0.161408968736738,0.244876059663054,0.861301639861243,0.384429563947072
diabetes,logistic_regression,6,0.25,202944,50736,43667,7069,50736,0.430164900004456,0.824647919325059,0.548604427333975,0.161267506012166,0.249262053132174,0.864652317880795,0.410877345611589
diabetes,random_forest,6,0.25,202944,50736,43667,7069,50736,8.23816269999952,0.806590325799439,0.517630465444288,0.155750459753855,0.239451935624184,0.862149164301482,0.388760837197952
diabetes,logistic_regression,6,0.1,202944,20294,17466,2828,50736,0.21902940000291,0.824547195934374,0.549753694581281,0.157872400622436,0.245301681503462,0.864652317880795,0.410290337985623
diabetes,random_forest,6,0.1,202944,20294,17466,2828,50736,2.65299170000071,0.806527452037594,0.532535137948985,0.144716367237233,0.227586206896552,0.863134657836645,0.385598992778609
diabetes,logistic_regression,6,0.05,202944,10147,8733,1414,50736,0.164206600005855,0.823533889435473,0.542253521126761,0.163389446880747,0.251114251549081,0.864218700725323,0.407846591334228
diabetes,random_forest,6,0.05,202944,10147,8733,1414,50736,1.97169500000018,0.802250970410415,0.518098325229606,0.13566275286462,0.215022421524664,0.861991485335856,0.378023239403098
diabetes,logistic_regression,6,0.01,202944,2029,1746,283,50736,0.127840900000592,0.819238712194134,0.534346846846847,0.134248125618899,0.214584511023177,0.863075528224535,0.395821741093629
diabetes,random_forest,6,0.01,202944,2029,1746,283,50736,1.46798449999915,0.790083175656783,0.513011152416357,0.0780874239637855,0.135543278084715,0.861222800378429,0.358937584771645
diabetes,logistic_regression,7,1,202944,202944,174667,28277,50736,1.66122049999831,0.822113100509258,0.524167057719381,0.158013863347008,0.242826086956522,0.862701040681173,0.402449614975456
diabetes,random_forest,7,1,202944,202944,174667,28277,50736,60.0412069999948,0.80198730102271,0.493441358024691,0.180930824727684,0.264775903115619,0.860000788394828,0.380123354325884
diabetes,logistic_regression,7,0.5,202944,101472,87334,14138,50736,0.851845199998934,0.822033478120623,0.523787313432836,0.158862639694441,0.243785954629328,0.86268133081047,0.402292716323157
diabetes,random_forest,7,0.5,202944,101472,87334,14138,50736,25.0480296000023,0.802435854840824,0.498781478472786,0.173716225774508,0.257685447487147,0.860552664774519,0.37746669495406
diabetes,logistic_regression,7,0.25,202944,50736,43667,7069,50736,0.489094399999885,0.82195503817856,0.527482678983834,0.16155043146131,0.247346761966645,0.863016398612425,0.402157226883721
diabetes,random_forest,7,0.25,202944,50736,43667,7069,50736,7.2747606999983,0.803692282073712,0.498499785683669,0.164521148677324,0.247394171452882,0.860532954903816,0.38196822121712
diabetes,logistic_regression,7,0.1,202944,20294,17466,2828,50736,0.21124179999606,0.821282678000332,0.535858585858586,0.150091950770972,0.234501049839761,0.8634697256386,0.40250651812534
diabetes,random_forest,7,0.1,202944,20294,17466,2828,50736,2.75445929999842,0.801551185570661,0.509881422924901,0.145989531758382,0.226987792807654,0.861459318826869,0.381233791708342
diabetes,logistic_regression,7,0.05,202944,10147,8733,1414,50736,0.164853599999333,0.820731917064053,0.525210084033613,0.159145565143585,0.244273151666486,0.862799590034689,0.401100102453848
diabetes,random_forest,7,0.05,202944,10147,8733,1414,50736,1.94323270000314,0.802510510953856,0.506753376688344,0.143301739991512,0.223423026025584,0.861203090507726,0.38242276003451
diabetes,logistic_regression,7,0.01,202944,2029,1746,283,50736,0.118195700000797,0.813718836162999,0.511291779584462,0.160135804215589,0.243886674566412,0.861656417533901,0.390631140784675
diabetes,random_forest,7,0.01,202944,2029,1746,283,50736,1.40323740000167,0.798555577044407,0.509887760555852,0.13495543924176,0.213422818791946,0.861400189214759,0.375357076979339
diabetes,logistic_regression,8,1,202944,202944,174667,28277,50736,1.6372601999974,0.82288664409848,0.535554450522128,0.152355354364125,0.237224669603524,0.863489435509303,0.403245037807672
diabetes,random_forest,8,1,202944,202944,174667,28277,50736,65.2856156999987,0.80154786176194,0.497195512820513,0.175555241193945,0.259487715629901,0.860394985808893,0.376200330158302
diabetes,logistic_regression,8,0.5,202944,101472,87334,14138,50736,1.11229869999806,0.822775916885837,0.536734693877551,0.148818786249823,0.233026913279433,0.863509145380006,0.40259425525364
diabetes,random_forest,8,0.5,202944,101472,87334,14138,50736,24.2716246000055,0.803718584220889,0.492844364937388,0.155891922478427,0.236861902203117,0.860040208136235,0.37830887398665
diabetes,logistic_regression,8,0.25,202944,50736,43667,7069,50736,0.441769999997632,0.822697057418209,0.535332994407728,0.148960248974395,0.233067729083665,0.86341059602649,0.401922375726872
diabetes,random_forest,8,0.25,202944,50736,43667,7069,50736,7.56593119999889,0.806192600986032,0.506278252134606,0.142594426368652,0.222516556291391,0.86116367076632,0.382293016684326
diabetes,logistic_regression,8,0.1,202944,20294,17466,2828,50736,0.209592700004578,0.822305465129079,0.53481331987891,0.1499504880464,0.234228262070489,0.863390886155787,0.402360691752881
diabetes,random_forest,8,0.1,202944,20294,17466,2828,50736,2.74219149999408,0.804963906174737,0.523359288097887,0.133116423822323,0.212247659862411,0.862326553137811,0.379702733468501
diabetes,logistic_regression,8,0.05,202944,10147,8733,1414,50736,0.158900000002177,0.821220952669472,0.533398821218075,0.153628518885274,0.238550247116969,0.86335146641438,0.402674692641101
diabetes,random_forest,8,0.05,202944,10147,8733,1414,50736,1.9439843999935,0.803653296972205,0.534713763702801,0.124204272174282,0.201584203880152,0.862917849258909,0.381042897553536
diabetes,logistic_regression,8,0.01,202944,2029,1746,283,50736,0.124647599994205,0.814515004976497,0.512061902594447,0.159145565143585,0.242823224692424,0.861715547146011,0.392083325127455
diabetes,random_forest,8,0.01,202944,2029,1746,283,50736,1.40880240000115,0.798183103134581,0.528904227782571,0.0867166501626821,0.149003403014098,0.861991485335856,0.371881637107319
diabetes,logistic_regression,9,1,202944,202944,174667,28277,50736,1.66728439999861,0.820741136907736,0.519146873485216,0.151506578016693,0.234559789750329,0.862228003784295,0.39953907300801
diabetes,random_forest,9,1,202944,202944,174667,28277,50736,60.3704225000038,0.801862170638942,0.479020979020979,0.174423539397369,0.255729544747485,0.858542257962788,0.373701051122832
diabetes,logistic_regression,9,0.5,202944,101472,87334,14138,50736,1.00278389999585,0.82071158870175,0.519730510105871,0.152779742537841,0.236142997704165,0.862287133396405,0.399437816698009
diabetes,random_forest,9,0.5,202944,101472,87334,14138,50736,24.959511699999,0.802993624607676,0.482656514382403,0.161408968736738,0.241916675500901,0.859054714601072,0.376553621231662
diabetes,logistic_regression,9,0.25,202944,50736,43667,7069,50736,0.527384299995902,0.820741619605104,0.519094766619519,0.155750459753855,0.239608269858542,0.862267423525702,0.399749196105422
diabetes,random_forest,9,0.25,202944,50736,43667,7069,50736,7.06637719999708,0.804069262238831,0.498935717326522,0.165794313198472,0.248885113612232,0.860572374645222,0.383816081770441
diabetes,logistic_regression,9,0.1,202944,20294,17466,2828,50736,0.257632699998794,0.820111276774936,0.523186033824332,0.13566275286462,0.215457200629072,0.862346263008515,0.398291833090121
diabetes,random_forest,9,0.1,202944,20294,17466,2828,50736,3.97316829999909,0.804247379187352,0.512169860176075,0.139906634601782,0.219777777777778,0.861597287921791,0.376876234979311
diabetes,logistic_regression,9,0.05,202944,10147,8733,1414,50736,0.164713400001347,0.819543535581922,0.538461538461538,0.120809166784552,0.19734257654535,0.863075528224535,0.397292626541201
diabetes,random_forest,9,0.05,202944,10147,8733,1414,50736,1.99415470000531,0.801048564787979,0.491356382978723,0.104540953458764,0.172401726350169,0.860158467360454,0.372589125213128
diabetes,logistic_regression,9,0.01,202944,2029,1746,283,50736,0.122034699998039,0.815467972684629,0.522167487684729,0.13495543924176,0.214478417266187,0.862267423525702,0.390832908694532
diabetes,random_forest,9,0.01,202944,2029,1746,283,50736,1.47202259999904,0.789875520221014,0.527035830618892,0.114443344178809,0.188052068805207,0.862306843267108,0.366333118038439
diabetes,logistic_regression,10,1,202944,202944,174667,28277,50736,1.71942370000033,0.821463188998214,0.527131782945736,0.153911444334418,0.238256870688711,0.862878429517502,0.399769254669899
diabetes,random_forest,10,1,202944,202944,174667,28277,50736,60.3945260999972,0.800229906812552,0.501812323801853,0.176262554816806,0.260887772194305,0.860848312835068,0.374978089140259
diabetes,logistic_regression,10,0.5,202944,101472,87334,14138,50736,1.16378670000267,0.820927137373335,0.532592950265572,0.156033385202999,0.241356673960613,0.863331756543677,0.399800932720461
diabetes,random_forest,10,0.5,202944,101472,87334,14138,50736,24.1553970000023,0.801375543660993,0.497211497211497,0.163955297779035,0.246595744680851,0.860414695679596,0.375713718046538
diabetes,logistic_regression,10,0.25,202944,50736,43667,7069,50736,0.421668300004967,0.820709636855011,0.530430479960416,0.151648040741265,0.235863586358636,0.863095238095238,0.399295232425985
diabetes,random_forest,10,0.25,202944,50736,43667,7069,50736,7.40735110000241,0.803525147300204,0.513476473275468,0.159004102419013,0.242817023115144,0.86183380637023,0.382580769021145
diabetes,logistic_regression,10,0.1,202944,20294,17466,2828,50736,0.215538599994033,0.819623784829219,0.525951557093426,0.150516338944688,0.234051913770348,0.86274046042258,0.397890566082256
diabetes,random_forest,10,0.1,202944,20294,17466,2828,50736,2.70383740000398,0.80353277165091,0.518974864465254,0.148960248974395,0.231479446032095,0.862188584042889,0.384449360857782
diabetes,logistic_regression,10,0.05,202944,10147,8733,1414,50736,0.158912500002771,0.819636218335915,0.523355576739752,0.155326071580139,0.239554925275445,0.862602491327657,0.397126533088799
diabetes,random_forest,10,0.05,202944,10147,8733,1414,50736,1.97357519999787,0.803249601613502,0.510747185261003,0.141179799122931,0.221212457054195,0.861498738568275,0.381117974119277
diabetes,logistic_regression,10,0.01,202944,2029,1746,283,50736,0.12144100000296,0.814939213353542,0.505277044854881,0.162540670533314,0.245959541903029,0.861143960895617,0.387061658368857
diabetes,random_forest,10,0.01,202944,2029,1746,283,50736,1.39929670000129,0.798606485418815,0.499744767738642,0.138492007356062,0.216880815241471,0.860651214128035,0.37533516301182
diabetes,logistic_regression,11,1,202944,202944,174667,28277,50736,1.63395699999819,0.817855808532135,0.52326685660019,0.155891922478427,0.240217983651226,0.862602491327657,0.396989043389966
diabetes,random_forest,11,1,202944,202944,174667,28277,50736,59.2661477000002,0.798780447606436,0.504954582989265,0.173008912151648,0.257717837951744,0.861143960895617,0.37514590370653
diabetes,logistic_regression,11,0.5,202944,101472,87334,14138,50736,0.980027800003882,0.81787269646085,0.522429906542056,0.15815532607158,0.242805950700402,0.86256307158625,0.396970917470929
diabetes,random_forest,11,0.5,202944,101472,87334,14138,50736,24.3909802000053,0.800092660400894,0.507950150408251,0.167208940444193,0.251596424010217,0.861400189214759,0.373975333212927
diabetes,logistic_regression,11,0.25,202944,50736,43667,7069,50736,0.436197200004244,0.817479685235833,0.52202747513027,0.155891922478427,0.240087145969499,0.862503941974141,0.396756917981082
diabetes,random_forest,11,0.25,202944,50736,43667,7069,50736,7.19229920000362,0.799947303701583,0.503096712720343,0.149384637148111,0.230366492146597,0.860927152317881,0.374883772599852
diabetes,logistic_regression,11,0.1,202944,20294,17466,2828,50736,0.200439400003233,0.817354101310914,0.520891364902507,0.158721176969868,0.24330478152445,0.862444812362031,0.397174233767024
diabetes,random_forest,11,0.1,202944,20294,17466,2828,50736,2.71503780000057,0.801021650360248,0.519677093844601,0.145706606309238,0.227599160313777,0.862208293913592,0.379310199695356
diabetes,logistic_regression,11,0.05,202944,10147,8733,1414,50736,0.158251900000323,0.816556949284993,0.51832229580574,0.166077238647616,0.251553460467109,0.862306843267108,0.396330262653505
diabetes,random_forest,11,0.05,202944,10147,8733,1414,50736,1.97818890000053,0.800396928200772,0.527040816326531,0.146130994482954,0.22881825229815,0.862760170293283,0.377871597734601
diabetes,logistic_regression,11,0.01,202944,2029,1746,283,50736,0.148216199995659,0.810649264793758,0.506100316312698,0.158438251520724,0.24132730015083,0.861203090507726,0.391656992166615
diabetes,random_forest,11,0.01,202944,2029,1746,283,50736,1.59579320000194,0.792951214395793,0.509247027741083,0.10906776064507,0.179657462425725,0.861222800378429,0.365055657123066
diabetes,logistic_regression,12,1,202944,202944,174667,28277,50736,1.67187130000093,0.822263493135135,0.533268576979116,0.155326071580139,0.240578439964943,0.863371176285084,0.406472162088855
diabetes,random_forest,12,1,202944,202944,174667,28277,50736,64.9206457999971,0.801043809085053,0.491456468673718,0.170886971283067,0.253595045659704,0.859843109429202,0.374314089255567
diabetes,logistic_regression,12,0.5,202944,101472,87334,14138,50736,0.912006500002462,0.822105157059956,0.532530120481928,0.156316310652143,0.241688538932633,0.863331756543677,0.406318810755747
diabetes,random_forest,12,0.5,202944,101472,87334,14138,50736,22.4111552000031,0.802564864621222,0.513467293715263,0.169896732211062,0.25531462585034,0.861912645853043,0.376774280727539
diabetes,logistic_regression,12,0.25,202944,50736,43667,7069,50736,0.443562799999199,0.821924597468379,0.532665712923224,0.158013863347008,0.243726816495745,0.863371176285084,0.405230711031674
diabetes,random_forest,12,0.25,202944,50736,43667,7069,50736,7.5144947000008,0.803511045409988,0.51307484220018,0.160984580563022,0.245073759017982,0.861814096499527,0.38106163049523
diabetes,logistic_regression,12,0.1,202944,20294,17466,2828,50736,0.294129299996712,0.821387766724595,0.529865125240848,0.155608997029283,0.240568616730454,0.863114947965941,0.404277438906717
diabetes,random_forest,12,0.1,202944,20294,17466,2828,50736,2.83763769999496,0.802815259831312,0.522432701894317,0.148252935351535,0.230964187327824,0.862444812362031,0.38024495655728
diabetes,logistic_regression,12,0.05,202944,10147,8733,1414,50736,0.161357899996801,0.820159881808213,0.528606356968215,0.152921205262413,0.237217467632214,0.862976978871019,0.402148077530153
diabetes,random_forest,12,0.05,202944,10147,8733,1414,50736,1.93910270000197,0.803221112750061,0.515343915343915,0.137784693733201,0.217434981582766,0.861814096499527,0.380259982389214
diabetes,logistic_regression,12,0.01,202944,2029,1746,283,50736,0.120988799993938,0.818301265312104,0.529069767441861,0.167350403168765,0.254271896829661,0.863233207190161,0.397540421822042
diabetes,random_forest,12,0.01,202944,2029,1746,283,50736,1.39566750000085,0.795497276172769,0.513114754098361,0.132833498373179,0.211034947746938,0.861616997792494,0.373759687328878
diabetes,logistic_regression,13,1,202944,202944,174667,28277,50736,1.68150469999819,0.821292181307235,0.540867810292634,0.151648040741265,0.236879902773174,0.863863923052665,0.40262982132828
diabetes,random_forest,13,1,202944,202944,174667,28277,50736,65.5172163000025,0.799326692568683,0.481751824817518,0.177394256613382,0.259305210918114,0.85879848628193,0.368251864870308
diabetes,logistic_regression,13,0.5,202944,101472,87334,14138,50736,0.92157739999675,0.821273927895697,0.538008827856792,0.155184608855567,0.24088713219148,0.863725953957742,0.402596452413875
diabetes,random_forest,13,0.5,202944,101472,87334,14138,50736,24.1817822999947,0.80285608825364,0.489660876757651,0.167491865893337,0.249604722251502,0.859685430463576,0.375351470458042
diabetes,logistic_regression,13,0.25,202944,50736,43667,7069,50736,0.451617300001089,0.820911793104323,0.5341796875,0.15476022068185,0.239991225183723,0.863430305897193,0.402068193196119
diabetes,random_forest,13,0.25,202944,50736,43667,7069,50736,7.3533935000014,0.804029567669381,0.497512437810945,0.155608997029283,0.237068965517241,0.860454115421003,0.380832360506729
diabetes,logistic_regression,13,0.1,202944,20294,17466,2828,50736,0.218904000001203,0.820716963164389,0.534102306920762,0.15065780166926,0.235021516054287,0.86335146641438,0.401696909968999
diabetes,random_forest,13,0.1,202944,20294,17466,2828,50736,2.72892420000426,0.803152964952546,0.51384451544196,0.136511529212053,0.215714764725606,0.861695837275308,0.384493462131007
diabetes,logistic_regression,13,0.05,202944,10147,8733,1414,50736,0.154618300002767,0.819420337607416,0.52302472127969,0.152638279813269,0.236311870346036,0.862543361715547,0.399369472940417
diabetes,random_forest,13,0.05,202944,10147,8733,1414,50736,2.02898730000015,0.799971929366292,0.52122641509434,0.125053048521715,0.201711351968055,0.862090034689372,0.378302757489581
diabetes,logistic_regression,13,0.01,202944,2029,1746,283,50736,0.12757469999633,0.815893000675326,0.519274376417234,0.161974819635026,0.246926892387319,0.862346263008515,0.393446907163358
diabetes,random_forest,13,0.01,202944,2029,1746,283,50736,1.39162229999783,0.794781491049124,0.512761020881671,0.125053048521715,0.201069032184692,0.861538158309682,0.375939952870642
diabetes,logistic_regression,14,1,202944,202944,174667,28277,50736,1.71127119999437,0.819658966664217,0.518950437317784,0.151082189842976,0.23403089733757,0.862208293913592,0.398832041922597
diabetes,random_forest,14,1,202944,202944,174667,28277,50736,59.594038700001,0.79875347810585,0.487573964497041,0.174847927571085,0.257392753019575,0.859429202144434,0.37070389540565
diabetes,logistic_regression,14,0.5,202944,101472,87334,14138,50736,1.03502699999808,0.819862778338731,0.514383227693808,0.149243174423539,0.231359649122807,0.86183380637023,0.398431610936789
diabetes,random_forest,14,0.5,202944,101472,87334,14138,50736,21.9346625000035,0.799920583648631,0.487825010317788,0.167208940444193,0.24905183312263,0.859508041627247,0.374038071739373
diabetes,logistic_regression,14,0.25,202944,50736,43667,7069,50736,0.437144599993189,0.819608006456534,0.518367346938776,0.143726128165228,0.225052608262266,0.862090034689372,0.398504655278167
diabetes,random_forest,14,0.25,202944,50736,43667,7069,50736,7.30321190000541,0.800416420751525,0.498850574712644,0.153487056160702,0.234746862829944,0.860572374645222,0.376634075514545
diabetes,logistic_regression,14,0.1,202944,20294,17466,2828,50736,0.212163099997269,0.819431161043026,0.5190329218107,0.142735889093224,0.223898812825918,0.862129454430779,0.397415914615074
diabetes,random_forest,14,0.1,202944,20294,17466,2828,50736,2.74872570000298,0.80014211096446,0.505415162454874,0.138633470080634,0.217584369449378,0.861084831283507,0.377108130242814
diabetes,logistic_regression,14,0.05,202944,10147,8733,1414,50736,0.195189600002777,0.818783039399739,0.519634211941904,0.136652991936625,0.216397849462366,0.862109744560076,0.398005683318035
diabetes,random_forest,14,0.05,202944,10147,8733,1414,50736,2.18070580000494,0.797817301139043,0.513068181818182,0.127740840288584,0.204553177030241,0.861577578051088,0.373899611705608
diabetes,logistic_regression,14,0.01,202944,2029,1746,283,50736,0.125843800000439,0.808643326793281,0.512995896032832,0.106097043429056,0.175829328331966,0.861419899085462,0.378746996609465
diabetes,random_forest,14,0.01,202944,2029,1746,283,50736,1.43063279999478,0.78520693121154,0.514541387024608,0.0650728533031546,0.115534346351877,0.861183380637023,0.350610424262008
diabetes,logistic_regression,15,1,202944,202944,174667,28277,50736,1.62361039999814,0.820414064086913,0.540858018386108,0.149809025321828,0.234629444998338,0.863824503311258,0.403859909230837
diabetes,random_forest,15,1,202944,202944,174667,28277,50736,64.6178768999962,0.80066372054326,0.497950819672131,0.171877210355071,0.255547376169944,0.860473825291706,0.378285511482713
diabetes,logistic_regression,15,0.5,202944,101472,87334,14138,50736,1.0023360999985,0.820316421536475,0.537612838515547,0.151648040741265,0.236566258413329,0.863627404604226,0.403300420702831
diabetes,random_forest,15,0.5,202944,101472,87334,14138,50736,24.7995370999997,0.802723176399553,0.507501071581654,0.167491865893337,0.251861306105084,0.861360769473352,0.379469242679646
diabetes,logistic_regression,15,0.25,202944,50736,43667,7069,50736,0.447865699999966,0.8206298832634,0.531126482213439,0.152072428914981,0.236445617507973,0.863154367707348,0.403185716555008
diabetes,random_forest,15,0.25,202944,50736,43667,7069,50736,7.07709079999768,0.802284707392889,0.514124293785311,0.167350403168765,0.252508004268943,0.86195206559445,0.380364799864211
diabetes,logistic_regression,15,0.1,202944,20294,17466,2828,50736,0.204162299996824,0.820183665182212,0.528011898859693,0.15065780166926,0.234426590358794,0.862898139388206,0.401031315381502
diabetes,random_forest,15,0.1,202944,20294,17466,2828,50736,2.79680709999957,0.801677099932703,0.529941706412295,0.141462724572075,0.223313979455114,0.862898139388206,0.383204660664571
diabetes,logistic_regression,15,0.05,202944,10147,8733,1414,50736,0.197721199998341,0.818726720927315,0.519522776572668,0.135521290140048,0.214966902277572,0.862090034689372,0.396792013447989
diabetes,random_forest,15,0.05,202944,10147,8733,1414,50736,2.01937900000485,0.801615680742121,0.524923076923077,0.12066770405998,0.196227283183805,0.862267423525702,0.382060285263076
diabetes,logistic_regression,15,0.01,202944,2029,1746,283,50736,0.118192800000543,0.806772386936184,0.501851851851852,0.15334559343613,0.23491169140752,0.860828602964365,0.381012144631301
diabetes,random_forest,15,0.01,202944,2029,1746,283,50736,1.39929799999663,0.796952903538539,0.486180014174344,0.0970434290564436,0.161792452830189,0.859902239041312,0.364630552962792
diabetes,logistic_regression,16,1,202944,202944,174667,28277,50736,1.72102699999959,0.825108517900312,0.5480631276901,0.162116282359598,0.250218340611354,0.864632608010091,0.413105382560081
diabetes,random_forest,16,1,202944,202944,174667,28277,50736,65.3451984000058,0.804798387951475,0.508413461538462,0.179516197481964,0.265342394145321,0.861498738568275,0.383233434993565
diabetes,logistic_regression,16,0.5,202944,101472,87334,14138,50736,0.900969599999371,0.825126719478575,0.55,0.16494553685104,0.253781695505496,0.864849416587827,0.41294095754394
diabetes,random_forest,16,0.5,202944,101472,87334,14138,50736,23.7152731999959,0.806041743480475,0.52571185720357,0.174989390295657,0.262576947569518,0.863055818353832,0.385998790156958
diabetes,logistic_regression,16,0.25,202944,50736,43667,7069,50736,0.449308900002507,0.825122990722398,0.544871794871795,0.16834064224077,0.257213876580568,0.864534058656575,0.41249339444215
diabetes,random_forest,16,0.25,202944,50736,43667,7069,50736,7.32928979999997,0.808437338121242,0.521776627856835,0.171169896732211,0.257775884107371,0.862661620939767,0.392924961149206
diabetes,logistic_regression,16,0.1,202944,20294,17466,2828,50736,0.280033799994271,0.824573012144604,0.544920993227991,0.170745508558495,0.260017233950883,0.864593188268685,0.411029230980396
diabetes,random_forest,16,0.1,202944,20294,17466,2828,50736,2.80904349999764,0.8059454599337,0.52219074598678,0.156457773376715,0.24077500816371,0.862523651844844,0.390797580415988
diabetes,logistic_regression,16,0.05,202944,10147,8733,1414,50736,0.15020160000131,0.824235896626866,0.540384615384615,0.159004102419013,0.245709913651765,0.863982182276884,0.409926661884075
diabetes,random_forest,16,0.05,202944,10147,8733,1414,50736,2.03602630000387,0.804125736211078,0.531179138321995,0.132550572924035,0.212158949394317,0.862839009776096,0.390756107158209
diabetes,logistic_regression,16,0.01,202944,2029,1746,283,50736,0.135101400002895,0.820181551356491,0.531844106463878,0.158296788796152,0.243976888695083,0.863312046672974,0.400104782546142
diabetes,random_forest,16,0.01,202944,2029,1746,283,50736,1.42633310000383,0.798457895619014,0.527452190006169,0.120950629509124,0.196777905638665,0.862425102491328,0.383476245758197
diabetes,logistic_regression,17,1,202944,202944,174667,28277,50736,1.59672709999722,0.822452984247806,0.537819253438114,0.154901683406422,0.240527182866557,0.863706244087039,0.407623191073159
diabetes,random_forest,17,1,202944,202944,174667,28277,50736,64.9288108999972,0.802994852408363,0.504874086108855,0.17583816664309,0.260833071031371,0.861143960895617,0.377220441636782
diabetes,logistic_regression,17,0.5,202944,101472,87334,14138,50736,0.879613800003426,0.822382005057677,0.538839724680433,0.155043146130994,0.240799736350654,0.863785083569852,0.407768368348301
diabetes,random_forest,17,0.5,202944,101472,87334,14138,50736,23.6079972000007,0.803705538433639,0.506363636363636,0.157589475173292,0.240371129571691,0.861222800378429,0.380116559453409
diabetes,logistic_regression,17,0.25,202944,50736,43667,7069,50736,0.436199099996884,0.822252196720896,0.540836653386454,0.153628518885274,0.23928610774485,0.863903342794071,0.407367752968016
diabetes,random_forest,17,0.25,202944,50736,43667,7069,50736,6.8740031999987,0.80466999207142,0.512845370819195,0.149667562597256,0.231712658782304,0.861715547146011,0.382192123089558
diabetes,logistic_regression,17,0.1,202944,20294,17466,2828,50736,0.225182100002712,0.821359473855722,0.534424650938854,0.157023624275004,0.242729061884977,0.863489435509303,0.405645728158226
diabetes,random_forest,17,0.1,202944,20294,17466,2828,50736,2.70745319999696,0.804849395133062,0.520562207183758,0.141462724572075,0.222469410456062,0.862228003784295,0.385188117328665
diabetes,logistic_regression,17,0.05,202944,10147,8733,1414,50736,0.160441499996523,0.820767032487668,0.531445031204993,0.156599236101287,0.241914335664336,0.863252917060864,0.40488123306105
diabetes,random_forest,17,0.05,202944,10147,8733,1414,50736,1.94169749999855,0.804402867672019,0.519736842105263,0.134106662894327,0.213201394355111,0.862090034689372,0.384270729761272
diabetes,logistic_regression,17,0.01,202944,2029,1746,283,50736,0.13461290000123,0.815212818532034,0.499804151978065,0.180506436553968,0.265225524838911,0.860651214128035,0.39574999905088
diabetes,random_forest,17,0.01,202944,2029,1746,283,50736,1.41042999999627,0.798993164885407,0.502454261490406,0.159287027868157,0.241890440386681,0.860887732576474,0.380838885859422
diabetes,logistic_regression,18,1,202944,202944,174667,28277,50736,1.76983599999949,0.824548384860106,0.5375,0.152072428914981,0.237071341934061,0.863627404604226,0.409971244839118
diabetes,random_forest,18,1,202944,202944,174667,28277,50736,65.261740599999,0.803603017076249,0.509394572025052,0.172584523977932,0.25781910397295,0.861557868180385,0.383993555308814
diabetes,logistic_regression,18,0.5,202944,101472,87334,14138,50736,1.13296629999968,0.824244551163901,0.538618925831202,0.148960248974395,0.233377659574468,0.863647114474929,0.409646750208584
diabetes,random_forest,18,0.5,202944,101472,87334,14138,50736,23.8990294000032,0.803885160166907,0.510712724092698,0.165228462300184,0.249679350149637,0.861636707663198,0.383647513914709
diabetes,logistic_regression,18,0.25,202944,50736,43667,7069,50736,0.433772199998202,0.823911405751024,0.542206110823408,0.148111472626963,0.232666666666667,0.863883632923368,0.409060265699215
diabetes,random_forest,18,0.25,202944,50736,43667,7069,50736,7.513867200003,0.805306394535324,0.516207063376875,0.150940727118404,0.233581436077058,0.861991485335856,0.38746155386507
diabetes,logistic_regression,18,0.1,202944,20294,17466,2828,50736,0.216966599997249,0.823976186005493,0.534802203304957,0.151082189842976,0.235605559232296,0.86341059602649,0.408499070762782
diabetes,random_forest,18,0.1,202944,20294,17466,2828,50736,2.76877399999648,0.808078436430359,0.529817644159685,0.152072428914981,0.236315673774456,0.863055818353832,0.389934852647058
diabetes,logistic_regression,18,0.05,202944,10147,8733,1414,50736,0.161558899999363,0.82308152263211,0.533054003724395,0.161974819635026,0.248453943799501,0.8634697256386,0.406938126273085
diabetes,random_forest,18,0.05,202944,10147,8733,1414,50736,1.93207089999487,0.809489986075412,0.534850640113798,0.159569953317301,0.245805186315101,0.863568274992116,0.395592554604748
diabetes,logistic_regression,18,0.01,202944,2029,1746,283,50736,0.120050600002287,0.820158824085457,0.524352786309785,0.16904795586363,0.255669661959777,0.862858719646799,0.401593800914619
diabetes,random_forest,18,0.01,202944,2029,1746,283,50736,1.40350870000111,0.803704686424191,0.531652661064426,0.134248125618899,0.214366388073187,0.862898139388206,0.387706913551562
diabetes,logistic_regression,19,1,202944,202944,174667,28277,50736,1.64864980000129,0.81952605642992,0.52821997105644,0.154901683406422,0.23955370816014,0.862976978871019,0.398611131416912
diabetes,random_forest,19,1,202944,202944,174667,28277,50736,65.5475511999975,0.799432396813079,0.502211499798955,0.176686942990522,0.261406446211804,0.860887732576474,0.374293602325823
diabetes,logistic_regression,19,0.5,202944,101472,87334,14138,50736,0.88156689999596,0.819223625471704,0.526215443279314,0.156174847927571,0.240863968582961,0.862839009776096,0.397903591967788
diabetes,random_forest,19,0.5,202944,101472,87334,14138,50736,24.1820011000018,0.802609220945788,0.49795584627964,0.172301598528788,0.256016815554388,0.860473825291706,0.376841691888259
diabetes,logistic_regression,19,0.25,202944,50736,43667,7069,50736,0.423818800001754,0.819197977719616,0.522024367385192,0.157589475173292,0.242094969031837,0.862523651844844,0.397561017587074
diabetes,random_forest,19,0.25,202944,50736,43667,7069,50736,6.96931600000244,0.803624046807546,0.507565931690445,0.166077238647616,0.250266467704114,0.861360769473352,0.379109612535323
diabetes,logistic_regression,19,0.1,202944,20294,17466,2828,50736,0.204145299998345,0.818838897851852,0.518329466357309,0.158013863347008,0.242194275802255,0.862228003784295,0.395034338699149
diabetes,random_forest,19,0.1,202944,20294,17466,2828,50736,2.69687999999587,0.803889039563538,0.500732779677577,0.144999292686377,0.224879333040807,0.860730053610848,0.377586212419675
diabetes,logistic_regression,19,0.05,202944,10147,8733,1414,50736,0.215782799998124,0.8185864908628,0.521531100478469,0.154194369783562,0.238017250791571,0.862444812362031,0.395370824598143
diabetes,random_forest,19,0.05,202944,10147,8733,1414,50736,1.97721910000109,0.80485755725399,0.511667615253273,0.127174989390296,0.203716292771357,0.861479028697572,0.38202510634839
diabetes,logistic_regression,19,0.01,202944,2029,1746,283,50736,0.121982299999218,0.811962057472974,0.527973476999586,0.180223511104824,0.268719679392533,0.863331756543677,0.390614218953201
diabetes,random_forest,19,0.01,202944,2029,1746,283,50736,1.40655490000063,0.794547625794198,0.501176470588235,0.120526241335408,0.194320903181663,0.860749763481552,0.36799432546721
diabetes,logistic_regression,20,1,202944,202944,174667,28277,50736,1.6071424000038,0.824390657825901,0.553553553553554,0.156457773376715,0.243961619058123,0.864888836329234,0.413055417929191
diabetes,random_forest,20,1,202944,202944,174667,28277,50736,65.3864863999988,0.804660304108477,0.516061743846475,0.174989390295657,0.261356433551659,0.862188584042889,0.384152000102401
diabetes,logistic_regression,20,0.5,202944,101472,87334,14138,50736,0.91516430000047,0.824447936833691,0.550589390962672,0.158579714245296,0.246238330587589,0.864731157363608,0.412891275723372
diabetes,random_forest,20,0.5,202944,101472,87334,14138,50736,21.7298148000045,0.805381713142394,0.533655961284646,0.171594284905927,0.259687433097838,0.863686534216336,0.38942926148672
diabetes,logistic_regression,20,0.25,202944,50736,43667,7069,50736,0.465406899995287,0.82442962996909,0.550144648023144,0.161408968736738,0.249589850158591,0.864770577105014,0.412402541938978
diabetes,random_forest,20,0.25,202944,50736,43667,7069,50736,7.48806329999934,0.806769502090506,0.528999064546305,0.159994341491017,0.245682632779407,0.863114947965941,0.388952130433182
diabetes,logistic_regression,20,0.1,202944,20294,17466,2828,50736,0.236834900002577,0.824085552594684,0.55406746031746,0.158013863347008,0.24589983489268,0.864967675812047,0.411311132514658
diabetes,random_forest,20,0.1,202944,20294,17466,2828,50736,2.66296209999564,0.807872037951494,0.543631436314363,0.141887112745791,0.225039264078977,0.863844213181961,0.394625233569215
diabetes,logistic_regression,20,0.05,202944,10147,8733,1414,50736,0.156370000004245,0.823181739028579,0.552137643378519,0.149809025321828,0.235673750973629,0.864612898139388,0.409899023159893
diabetes,random_forest,20,0.05,202944,10147,8733,1414,50736,1.97538850000274,0.806337656404435,0.547548730064973,0.131135945678314,0.211595526135585,0.863844213181961,0.394985494610454
diabetes,logistic_regression,20,0.01,202944,2029,1746,283,50736,0.123373300004459,0.818270474727322,0.523572076155938,0.163389446880747,0.249056603773585,0.862720750551876,0.397691312360652
diabetes,random_forest,20,0.01,202944,2029,1746,283,50736,1.40774760000204,0.804309174169174,0.54485049833887,0.139199320978922,0.221746478873239,0.863863923052665,0.393248461821906
diabetes,logistic_regression,21,1,202944,202944,174667,28277,50736,1.64522179999767,0.819119126350937,0.526721232546943,0.15476022068185,0.239230264596545,0.862858719646799,0.397525570001708
diabetes,random_forest,21,1,202944,202944,174667,28277,50736,65.1918646999984,0.800281054915854,0.489688637282653,0.171311359456783,0.25382519387969,0.859665720592873,0.377394094891653
diabetes,logistic_regression,21,0.5,202944,101472,87334,14138,50736,0.90695080000296,0.819124769698688,0.523404255319149,0.156599236101287,0.241071428571429,0.86262220119836,0.397438065750225
diabetes,random_forest,21,0.5,202944,101472,87334,14138,50736,21.7005884999962,0.79996250704888,0.496033402922756,0.168057716791625,0.25105663567202,0.860296436455377,0.377556388544747
diabetes,logistic_regression,21,0.25,202944,50736,43667,7069,50736,0.436866899995948,0.818679986751286,0.52202747513027,0.155891922478427,0.240087145969499,0.862503941974141,0.396911920517963
diabetes,random_forest,21,0.25,202944,50736,43667,7069,50736,7.59285329999693,0.800759623439425,0.498735244519393,0.167350403168765,0.250609045651944,0.860552664774519,0.378405972424432
diabetes,logistic_regression,21,0.1,202944,20294,17466,2828,50736,0.197554899998067,0.818372221825176,0.519696250593261,0.154901683406422,0.238666085440279,0.862306843267108,0.395751777454652
diabetes,random_forest,21,0.1,202944,20294,17466,2828,50736,2.6425495999938,0.800965445273112,0.505130597014925,0.153204130711558,0.23510257245197,0.86110454115421,0.377663433037984
diabetes,logistic_regression,21,0.05,202944,10147,8733,1414,50736,0.181504599997424,0.817080886501771,0.518664047151277,0.149384637148111,0.231960461285008,0.862168874172185,0.394414738037417
diabetes,random_forest,21,0.05,202944,10147,8733,1414,50736,2.12467409999954,0.799796729659245,0.50305385896724,0.1281652284623,0.204284103720406,0.860887732576474,0.375098760924467
diabetes,logistic_regression,21,0.01,202944,2029,1746,283,50736,0.148416600000928,0.813169247954553,0.476039464411557,0.191116140896874,0.272736448975472,0.857990381583097,0.38408043442946
diabetes,random_forest,21,0.01,202944,2029,1746,283,50736,1.51633569999831,0.794941866439692,0.495685005393743,0.130004243881737,0.205984534349434,0.860355566067487,0.370889166199794
diabetes,logistic_regression,22,1,202944,202944,174667,28277,50736,1.71618920000037,0.821758614365437,0.540419161676647,0.153204130711558,0.238730298688416,0.863863923052665,0.407674228631952
diabetes,random_forest,22,1,202944,202944,174667,28277,50736,59.8601292999956,0.802578245704966,0.487241798298906,0.170179657660207,0.252254141329419,0.859429202144434,0.375423577591241
diabetes,logistic_regression,22,0.5,202944,101472,87334,14138,50736,0.831248700000287,0.821842172843347,0.535308641975309,0.15334559343613,0.238398944358918,0.863489435509303,0.40703295883681
diabetes,random_forest,22,0.5,202944,101472,87334,14138,50736,23.9355638999987,0.804959448513139,0.501298701298701,0.163813835054463,0.246934641219746,0.860789183222958,0.380186663100855
diabetes,logistic_regression,22,0.25,202944,50736,43667,7069,50736,0.475665199999639,0.821631648759798,0.532304725168756,0.156174847927571,0.241496226621459,0.863312046672974,0.406825803530754
diabetes,random_forest,22,0.25,202944,50736,43667,7069,50736,7.4856437999988,0.806676885747895,0.506364922206506,0.151930966190409,0.23373231773667,0.861203090507726,0.384395334735566
diabetes,logistic_regression,22,0.1,202944,20294,17466,2828,50736,0.263682900003914,0.820690774402499,0.527839643652561,0.167633328617909,0.254455658149023,0.863134657836645,0.405173025910225
diabetes,random_forest,22,0.1,202944,20294,17466,2828,50736,2.76175060000242,0.806452774867294,0.513882352941176,0.154477295232706,0.237546225799434,0.86183380637023,0.387800172234233
diabetes,logistic_regression,22,0.05,202944,10147,8733,1414,50736,0.16989779999858,0.820189839821025,0.534080298786181,0.161833356910454,0.24839865378352,0.863548565121413,0.403290725099787
diabetes,random_forest,22,0.05,202944,10147,8733,1414,50736,1.96617330000299,0.802847718799614,0.514992109416097,0.138492007356062,0.218283166109253,0.861794386628824,0.382682313389249
diabetes,logistic_regression,22,0.01,202944,2029,1746,283,50736,0.12065679999796,0.812775049423594,0.521484375,0.151082189842976,0.234287594603488,0.862405392620624,0.389661429396681
diabetes,random_forest,22,0.01,202944,2029,1746,283,50736,1.41395600000396,0.800889481989691,0.523012552301255,0.123779884000566,0.200183024479524,0.862188584042889,0.377354230255429
diabetes,logistic_regression,23,1,202944,202944,174667,28277,50736,1.67498709999927,0.822853171141748,0.532506203473945,0.151789503465837,0.236239542051959,0.863252917060864,0.406917458339112
diabetes,random_forest,23,1,202944,202944,174667,28277,50736,64.6451192999957,0.801769094276021,0.497860754570206,0.181072287452256,0.265560165975104,0.860454115421003,0.373288805509249
diabetes,logistic_regression,23,0.5,202944,101472,87334,14138,50736,0.764947399999073,0.822802432845271,0.534198701947079,0.151365115292121,0.235890652557319,0.863371176285084,0.40718342613429
diabetes,random_forest,23,0.5,202944,101472,87334,14138,50736,25.7795011000053,0.805055999325235,0.503954305799649,0.16225774508417,0.245478865703585,0.861025701671397,0.377947099197766
diabetes,logistic_regression,23,0.25,202944,50736,43667,7069,50736,0.423710099996242,0.822639514384678,0.532473971244422,0.151930966190409,0.236407660136474,0.863252917060864,0.407104369128254
diabetes,random_forest,23,0.25,202944,50736,43667,7069,50736,6.99955159999808,0.80706269214777,0.510110294117647,0.157023624275004,0.240129799891833,0.861538158309682,0.380887489064491
diabetes,logistic_regression,23,0.1,202944,20294,17466,2828,50736,0.227986099998816,0.822019792516392,0.531688437348815,0.155467534304711,0.240586690017513,0.863252917060864,0.405939081382925
diabetes,random_forest,23,0.1,202944,20294,17466,2828,50736,2.62495230000059,0.807667254403085,0.509918845807033,0.159994341491017,0.243566275438785,0.861538158309682,0.385260002121336
diabetes,logistic_regression,23,0.05,202944,10147,8733,1414,50736,0.155041800004255,0.821129892944883,0.52485180118559,0.162823595982459,0.248542431440294,0.862819299905393,0.404359848123686
diabetes,random_forest,23,0.05,202944,10147,8733,1414,50736,2.00527519999741,0.804849246112398,0.520861372812921,0.164238223228179,0.249731124973113,0.862503941974141,0.385474922789988
diabetes,logistic_regression,23,0.01,202944,2029,1746,283,50736,0.126643100004003,0.815336201162579,0.484858795508676,0.201584382515207,0.284772182254197,0.858916745506149,0.392225109728407
diabetes,random_forest,23,0.01,202944,2029,1746,283,50736,1.45317660000001,0.803688582473752,0.511325503355705,0.17244306125336,0.257907542579075,0.861735257016714,0.385565431791812
diabetes,logistic_regression,24,1,202944,202944,174667,28277,50736,1.59900360000029,0.822773877570447,0.542997542997543,0.156316310652143,0.242750439367311,0.864120151371807,0.406438882816288
diabetes,random_forest,24,1,202944,202944,174667,28277,50736,64.3136477000007,0.802651008283693,0.497506234413965,0.169330881312774,0.252664907651715,0.8604344055503,0.377594152722642
diabetes,logistic_regression,24,0.5,202944,101472,87334,14138,50736,1.00792219999857,0.822771125547535,0.543264503441495,0.156316310652143,0.242777106448424,0.86413986124251,0.406467088173477
diabetes,random_forest,24,0.5,202944,101472,87334,14138,50736,24.3004609000054,0.803316654433096,0.499779444199382,0.160277266940161,0.242716366752356,0.860651214128035,0.378341568027086
diabetes,logistic_regression,24,0.25,202944,50736,43667,7069,50736,0.45792519999668,0.822479092020205,0.547931382441978,0.153628518885274,0.239973483592973,0.864415799432356,0.406278161816028
diabetes,random_forest,24,0.25,202944,50736,43667,7069,50736,7.20745139999781,0.80453758235218,0.516520894071914,0.150374876220116,0.232935247069136,0.862011195206559,0.380926058031112
diabetes,logistic_regression,24,0.1,202944,20294,17466,2828,50736,0.210431500003324,0.822513721506873,0.541123370110331,0.152638279813269,0.238111000772371,0.863903342794071,0.405322703340368
diabetes,random_forest,24,0.1,202944,20294,17466,2828,50736,2.66161930000089,0.804256268593912,0.526666666666667,0.134106662894327,0.213778329011162,0.86256307158625,0.383022257871039
diabetes,logistic_regression,24,0.05,202944,10147,8733,1414,50736,0.161657399999967,0.820815692593799,0.540395933654361,0.142877351817796,0.226001342582233,0.863647114474929,0.402175126554427
diabetes,random_forest,24,0.05,202944,10147,8733,1414,50736,1.92283699999825,0.801434873322701,0.533175355450237,0.127316452114868,0.205549845837616,0.862878429517502,0.380786092784219
diabetes,logistic_regression,24,0.01,202944,2029,1746,283,50736,0.139352599995618,0.81594958965265,0.522615803814714,0.13566275286462,0.215408805031447,0.862306843267108,0.39131779499179
diabetes,random_forest,24,0.01,202944,2029,1746,283,50736,1.40219960000104,0.794593418872339,0.549397590361446,0.0967605036072995,0.164541736829444,0.863095238095238,0.371551832923343
diabetes,logistic_regression,25,1,202944,202944,174667,28277,50736,1.80658919999405,0.82071916769834,0.537974683544304,0.156316310652143,0.24224487558917,0.863745663828445,0.403570688391762
diabetes,random_forest,25,1,202944,202944,174667,28277,50736,64.1889379999993,0.801727956473837,0.486878182530356,0.17583816664309,0.258366244024111,0.859350362661621,0.374426891364591
diabetes,logistic_regression,25,0.5,202944,101472,87334,14138,50736,1.04045350000524,0.820660299676732,0.535163776493256,0.157165086999576,0.242974302897758,0.863548565121413,0.403655739259948
diabetes,random_forest,25,0.5,202944,101472,87334,14138,50736,21.8517255999977,0.805899304022638,0.493747478822106,0.17315037487622,0.256388772517805,0.860059918006938,0.382595726462454
diabetes,logistic_regression,25,0.25,202944,50736,43667,7069,50736,0.654500800003006,0.82061756800136,0.53757225433526,0.157872400622436,0.24406779661017,0.863745663828445,0.403292553158106
diabetes,random_forest,25,0.25,202944,50736,43667,7069,50736,7.08917809999548,0.804468244009143,0.489973844812555,0.159004102419013,0.240093986969988,0.859764269946389,0.376735972145926
diabetes,logistic_regression,25,0.1,202944,20294,17466,2828,50736,0.196735199999239,0.820110646676694,0.537010843941537,0.161126043287594,0.247878128400435,0.863765373699149,0.403407868633351
diabetes,random_forest,25,0.1,202944,20294,17466,2828,50736,2.74913509999897,0.801959202528616,0.493406093678945,0.153487056160702,0.234138972809668,0.860099337748344,0.380605721243717
diabetes,logistic_regression,25,0.05,202944,10147,8733,1414,50736,0.22269629999937,0.819494442991907,0.530950305143854,0.172301598528788,0.260173021467478,0.8634697256386,0.404349370237136
diabetes,random_forest,25,0.05,202944,10147,8733,1414,50736,1.98981829999684,0.801675561132369,0.513034923757993,0.147545621728674,0.229180399912107,0.861715547146011,0.382055974208595
diabetes,logistic_regression,25,0.01,202944,2029,1746,283,50736,0.125196300003154,0.815534434280936,0.514584891548242,0.194652709011176,0.282459201477984,0.862208293913592,0.397210980804239
diabetes,random_forest,25,0.01,202944,2029,1746,283,50736,1.38935109999875,0.800392763721132,0.515695067264574,0.146413919932098,0.228074041427942,0.861912645853043,0.378476059487741
diabetes,logistic_regression,26,1,202944,202944,174667,28277,50736,1.59855620000599,0.820723280344706,0.525943396226415,0.157730937897864,0.242681466971379,0.862839009776096,0.402855439097446
diabetes,random_forest,26,1,202944,202944,174667,28277,50736,60.1876421999987,0.801210908223185,0.49599679743795,0.175272315744801,0.259015365318282,0.860276726584674,0.376725999399925
diabetes,logistic_regression,26,0.5,202944,101472,87334,14138,50736,1.18834529999731,0.820570736637941,0.523717328170378,0.153062667986985,0.236891078270389,0.862602491327657,0.402461250554418
diabetes,random_forest,26,0.5,202944,101472,87334,14138,50736,21.2884774000049,0.803641791605078,0.490204429301533,0.162823595982459,0.244451523839864,0.859764269946389,0.377240420583099
diabetes,logistic_regression,26,0.25,202944,50736,43667,7069,50736,0.42379510000319,0.820623990468016,0.520941176470588,0.156599236101287,0.240809223406569,0.862425102491328,0.402441901249001
diabetes,random_forest,26,0.25,202944,50736,43667,7069,50736,7.00063910000608,0.806198657380187,0.514361467079099,0.164662611401896,0.249464209172739,0.86195206559445,0.386199667419723
diabetes,logistic_regression,26,0.1,202944,20294,17466,2828,50736,0.22692759999336,0.82045572994058,0.5218945487042,0.165228462300184,0.250993875577522,0.862602491327657,0.402474178220482
diabetes,random_forest,26,0.1,202944,20294,17466,2828,50736,2.63995550000254,0.80609786109896,0.524942791762014,0.16225774508417,0.247892803112168,0.862819299905393,0.391653528618889
diabetes,logistic_regression,26,0.05,202944,10147,8733,1414,50736,0.187018800002988,0.818814915243704,0.525602409638554,0.148111472626963,0.231100320052974,0.86268133081047,0.400309217204492
diabetes,random_forest,26,0.05,202944,10147,8733,1414,50736,2.1620322000017,0.801623413618745,0.531624863685932,0.137926156457773,0.219027294170504,0.862957269000315,0.38363156700939
diabetes,logistic_regression,26,0.01,202944,2029,1746,283,50736,0.122846199999913,0.810805687897154,0.493089279043706,0.186730796435139,0.270880361173815,0.859941658782718,0.391887537705016
diabetes,random_forest,26,0.01,202944,2029,1746,283,50736,1.40614040000219,0.788285346633225,0.493185689948893,0.163813835054463,0.245938196877987,0.860040208136235,0.372319408171532
diabetes,logistic_regression,27,1,202944,202944,174667,28277,50736,1.61160540000128,0.823208075191344,0.551200391964723,0.159145565143585,0.246981339187706,0.864790286975717,0.40527491960205
diabetes,random_forest,27,1,202944,202944,174667,28277,50736,65.3240924999991,0.801549165692749,0.496299342105263,0.170745508558495,0.254078518050732,0.86031614632608,0.375171831834076
diabetes,logistic_regression,27,0.5,202944,101472,87334,14138,50736,0.850677000002179,0.823159969053332,0.550218340611354,0.160418729664733,0.248411829134721,0.864750867234311,0.405317147235476
diabetes,random_forest,27,0.5,202944,101472,87334,14138,50736,23.9986656999972,0.80181343116311,0.505706760316067,0.162965058707031,0.246496201989943,0.861183380637023,0.378855681663303
diabetes,logistic_regression,27,0.25,202944,50736,43667,7069,50736,0.460036299999047,0.82304071364726,0.550572519083969,0.163247984156175,0.251827605019094,0.864849416587827,0.405141703118716
diabetes,random_forest,27,0.25,202944,50736,43667,7069,50736,7.10464339999453,0.803198027505476,0.513364055299539,0.157589475173292,0.241151639787856,0.861814096499527,0.381408050379457
diabetes,logistic_regression,27,0.1,202944,20294,17466,2828,50736,0.200725199996668,0.82232618062115,0.544910179640719,0.167350403168765,0.256060606060606,0.864514348785872,0.403883652143881
diabetes,random_forest,27,0.1,202944,20294,17466,2828,50736,2.6419229000021,0.803370859079798,0.521578947368421,0.140189560050927,0.220983387222656,0.862287133396405,0.384183698180132
diabetes,logistic_regression,27,0.05,202944,10147,8733,1414,50736,0.188797900002101,0.821781655875697,0.54363974001857,0.1656528504739,0.253930391412772,0.864376379690949,0.400980457944042
diabetes,random_forest,27,0.05,202944,10147,8733,1414,50736,1.88833380000142,0.800517150621369,0.510037981551818,0.132974961097751,0.210951526032316,0.861400189214759,0.376425351673066
diabetes,logistic_regression,27,0.01,202944,2029,1746,283,50736,0.123731300001964,0.813811212776715,0.508586525759577,0.163389446880747,0.247323340471092,0.861439608956165,0.389719351074741
diabetes,random_forest,27,0.01,202944,2029,1746,283,50736,1.37872459999926,0.803262524296726,0.49136690647482,0.0966190408827274,0.161484809079087,0.860197887101861,0.370374650657121
diabetes,logistic_regression,28,1,202944,202944,174667,28277,50736,1.57694600000104,0.824286328783066,0.543666026871401,0.160277266940161,0.24756910302633,0.86425812046673,0.406340936089425
diabetes,random_forest,28,1,202944,202944,174667,28277,50736,64.3393787000023,0.804813487632223,0.49585798816568,0.177818644787099,0.261765930862141,0.86025701671397,0.377065587770229
diabetes,logistic_regression,28,0.5,202944,101472,87334,14138,50736,0.859891300002346,0.824483792501256,0.54381694255112,0.158013863347008,0.244875589170229,0.864218700725323,0.406703747208723
diabetes,random_forest,28,0.5,202944,101472,87334,14138,50736,23.5359379000001,0.804981484133917,0.496876301541025,0.168765030414486,0.2519535374868,0.86037527593819,0.379242435439873
diabetes,logistic_regression,28,0.25,202944,50736,43667,7069,50736,0.519663700004457,0.824559535493261,0.545542635658915,0.159287027868157,0.246578342275266,0.864376379690949,0.407461583211168
diabetes,random_forest,28,0.25,202944,50736,43667,7069,50736,7.87711259999924,0.805767462849626,0.512808988764045,0.161408968736738,0.245534753604476,0.861794386628824,0.38164424752019
diabetes,logistic_regression,28,0.1,202944,20294,17466,2828,50736,0.310958100002608,0.824134923788549,0.539254170755643,0.155467534304711,0.241352805534204,0.863824503311258,0.406718431155562
diabetes,random_forest,28,0.1,202944,20294,17466,2828,50736,3.03699710000365,0.803834159464479,0.530693069306931,0.151648040741265,0.235889536802729,0.863114947965941,0.384391467086523
diabetes,logistic_regression,28,0.05,202944,10147,8733,1414,50736,0.19162420000066,0.824422841429933,0.534725594949004,0.155750459753855,0.241235758106924,0.863489435509303,0.405269772319634
diabetes,random_forest,28,0.05,202944,10147,8733,1414,50736,2.15867399999843,0.802323671437128,0.521097046413502,0.13976517187721,0.220412716118238,0.862247713654998,0.383742473170511
diabetes,logistic_regression,28,0.01,202944,2029,1746,283,50736,0.157076399998914,0.813015646525033,0.534056660638939,0.125335973970859,0.203024747937672,0.862898139388206,0.391269578394248
diabetes,random_forest,28,0.01,202944,2029,1746,283,50736,1.55548299999646,0.785462360728406,0.473118279569892,0.0746923185740557,0.129016493585828,0.859488331756544,0.347076970579287
diabetes,logistic_regression,29,1,202944,202944,174667,28277,50736,1.85772519999591,0.823935419135179,0.538919186911254,0.153769981609846,0.2392692053709,0.863765373699149,0.40524121407995
diabetes,random_forest,29,1,202944,202944,174667,28277,50736,65.0160237999953,0.802308278574422,0.500402252614642,0.175979629367662,0.260387231815803,0.860710343740145,0.378157312742933
diabetes,logistic_regression,29,0.5,202944,101472,87334,14138,50736,0.833086899998307,0.823726673580858,0.534219596258001,0.153487056160702,0.238461538461538,0.86341059602649,0.405401748919037
diabetes,random_forest,29,0.5,202944,101472,87334,14138,50736,21.4801220000008,0.804207734831387,0.506724511930586,0.165228462300184,0.249199914657563,0.861281929990539,0.378887297856002
diabetes,logistic_regression,29,0.25,202944,50736,43667,7069,50736,0.410882900003344,0.823250884616627,0.531034482758621,0.152496817088697,0.236949115287394,0.863154367707348,0.404529378284497
diabetes,random_forest,29,0.25,202944,50736,43667,7069,50736,6.76741010000114,0.804790211252438,0.497091722595078,0.157165086999576,0.238822012037833,0.860414695679596,0.38213448221562
diabetes,logistic_regression,29,0.1,202944,20294,17466,2828,50736,0.225165800002287,0.823188150156707,0.528057553956835,0.155750459753855,0.240550578981866,0.862976978871019,0.404818401250678
diabetes,random_forest,29,0.1,202944,20294,17466,2828,50736,2.63668199999665,0.806679122677643,0.509958314034275,0.155750459753855,0.238621586475943,0.861518448438978,0.384621141486908
diabetes,logistic_regression,29,0.05,202944,10147,8733,1414,50736,0.188881200003379,0.822883662065413,0.539940828402367,0.154901683406422,0.240738705067605,0.863863923052665,0.404253639652484
diabetes,random_forest,29,0.05,202944,10147,8733,1414,50736,2.07264539999596,0.805266743700199,0.517511761630946,0.140048097326355,0.220440881763527,0.861991485335856,0.388800800593682
diabetes,logistic_regression,29,0.01,202944,2029,1746,283,50736,0.128790399998252,0.817580489616009,0.537391304347826,0.131135945678314,0.210825562883784,0.863213497319458,0.397260833636418
diabetes,random_forest,29,0.01,202944,2029,1746,283,50736,1.52216580000095,0.795966728519205,0.505464480874317,0.104682416183336,0.173444275166999,0.86098628192999,0.373268558041199
