dataset,model,seed,scarcity_fraction,training_pool_size,retained_size,synthetic_size,generator_seconds,fit_seconds,roc_auc,precision,recall,f1,accuracy,average_precision
diabetes,logistic_regression,0,0.5,202944,101472,101472,39.406587999998,1.74893840000004,0.817707866648263,0.614740368509213,0.0519168199179516,0.0957474563005479,0.863371176285084,0.404253104345071
diabetes,random_forest,0,0.5,202944,101472,101472,39.406587999998,79.0618081000066,0.779684199490943,0.487836949375411,0.10496534163248,0.172759022118743,0.859941658782718,0.348557288977664
diabetes,logistic_regression,0,0.25,202944,50736,152208,31.6357457999984,2.17870360000234,0.815042210929141,0.588547189819724,0.0785118121375018,0.13854218671992,0.863962472406181,0.396872439007204
diabetes,random_forest,0,0.25,202944,50736,152208,31.6357457999984,61.9770222000006,0.78450377882874,0.502876869965478,0.123638421275994,0.198478483024867,0.860868022705771,0.354814256858154
diabetes,logistic_regression,0,0.1,202944,20294,182650,18.2401612999965,1.81610600000568,0.806929383445177,0,0,0,0.860670923998739,0.383801150604989
diabetes,random_forest,0,0.1,202944,20294,182650,18.2401612999965,68.3077256000033,0.746966809920123,0.413273001508296,0.0387607865327486,0.0708742886704604,0.858404288867865,0.299471774178171
diabetes,logistic_regression,0,0.05,202944,10147,192797,14.7073308000035,1.52159669999673,0.807356884854937,0.482769423558897,0.217994058565568,0.300360588636585,0.858502838221381,0.387009580091945
diabetes,random_forest,0,0.05,202944,10147,192797,14.7073308000035,64.8413744999998,0.784248791514496,0.493868921775899,0.165228462300184,0.247615009539962,0.860099337748344,0.36506203558453
diabetes,logistic_regression,0,0.01,202944,2029,200915,10.6149222000022,1.53784219999943,0.80610545305387,0.5,0.000424388173716226,0.000848056537102474,0.860670923998739,0.384182589226737
diabetes,random_forest,0,0.01,202944,2029,200915,10.6149222000022,70.9078131999995,0.69904499427231,0.174603174603175,0.00778044985146414,0.0148970747562297,0.856630400504573,0.240815195718758
diabetes,logistic_regression,1,0.5,202944,101472,101472,51.0297618000041,2.03404569999839,0.820371082963908,0.567796610169492,0.0758240203706323,0.133782603269687,0.863193787448754,0.404442441936748
diabetes,random_forest,1,0.5,202944,101472,101472,51.0297618000041,61.9908746000001,0.79300509508453,0.517989720159909,0.128306691186872,0.205668934240363,0.861912645853043,0.36942187811899
diabetes,logistic_regression,1,0.25,202944,50736,152208,32.3860724000042,1.58728210000118,0.811550770159362,0,0,0,0.860670923998739,0.38502703299666
diabetes,random_forest,1,0.25,202944,50736,152208,32.3860724000042,61.4221089999992,0.763473018964891,0.416756176154672,0.0548875371339652,0.097,0.857615894039735,0.315771153126364
diabetes,logistic_regression,1,0.1,202944,20294,182650,16.5556916999994,1.59065220000048,0.809845280494355,0.5,0.000141462724572075,0.000282845424975251,0.860670923998739,0.387061663674725
diabetes,random_forest,1,0.1,202944,20294,182650,16.5556916999994,67.7881593000056,0.747509113933726,0.375174337517434,0.0380534729098882,0.0690983817107629,0.857142857142857,0.296449895704455
diabetes,logistic_regression,1,0.05,202944,10147,192797,14.1483070999966,2.13828439999634,0.812735244708436,0,0,0,0.860670923998739,0.388640403228462
diabetes,random_forest,1,0.05,202944,10147,192797,14.1483070999966,70.7931395000051,0.723257115300168,0.288577154308617,0.0203706323383788,0.0380549682875264,0.856512141280353,0.265790641991482
diabetes,logistic_regression,1,0.01,202944,2029,200915,11.9276137999987,1.88851330000034,0.812014025189928,0.458125848800362,0.28632055453388,0.352398363367285,0.853378271838537,0.388166021807104
diabetes,random_forest,1,0.01,202944,2029,200915,11.9276137999987,75.1102709999977,0.776095616685783,0.41711851278079,0.152355354364125,0.223189306807585,0.852235099337748,0.32527640264673
diabetes,logistic_regression,2,0.5,202944,101472,101472,47.6011235999977,2.11948399999528,0.818440061862624,0.599593495934959,0.0417315037487622,0.0780320063483666,0.862602491327657,0.401351192783386
diabetes,random_forest,2,0.5,202944,101472,101472,47.6011235999977,75.5021439000047,0.78039922979253,0.478058510638298,0.101711698967322,0.167735915082235,0.859370072532324,0.347240289824784
diabetes,logistic_regression,2,0.25,202944,50736,152208,28.5372256000046,1.78026590000081,0.816265346621756,0.556565656565657,0.0779459612392135,0.136741531207346,0.862878429517502,0.393783226483698
diabetes,random_forest,2,0.25,202944,50736,152208,28.5372256000046,69.8699723999962,0.783201611970775,0.478622327790974,0.114018956005093,0.184165428995773,0.859251813308105,0.350236441499507
diabetes,logistic_regression,2,0.1,202944,20294,182650,18.4897406000018,1.78779110000323,0.812684056110388,0.666666666666667,0.000282925449144151,0.000565610859728507,0.860690633869442,0.391495249340944
diabetes,random_forest,2,0.1,202944,20294,182650,18.4897406000018,83.3280062999984,0.741152867525428,0.344954128440367,0.0265949922195502,0.0493827160493827,0.85733995584989,0.288345227522779
diabetes,logistic_regression,2,0.05,202944,10147,192797,15.4677578999981,1.91401520000363,0.808578389419199,0.501182033096927,0.1499504880464,0.230836236933798,0.860769473352255,0.380999250951513
diabetes,random_forest,2,0.05,202944,10147,192797,15.4677578999981,64.2783887999976,0.787278929100448,0.506610259122158,0.135521290140048,0.213839285714286,0.86116367076632,0.365361346045237
diabetes,logistic_regression,2,0.01,202944,2029,200915,10.0883598,1.3382946999991,0.805706097112108,0,0,0,0.860670923998739,0.376685585301247
diabetes,random_forest,2,0.01,202944,2029,200915,10.0883598,69.5320352999988,0.702016712518435,0.100502512562814,0.00282925449144151,0.00550357732526142,0.857537054556922,0.237494085693368
diabetes,logistic_regression,3,0.5,202944,101472,101472,40.5802847999948,1.79536010000447,0.821108652640909,0.584022038567493,0.0599801952185599,0.108787684413085,0.863075528224535,0.403679356621671
diabetes,random_forest,3,0.5,202944,101472,101472,40.5802847999948,63.2679182000065,0.788856076338466,0.482627578718784,0.125760362144575,0.199528672427337,0.859409492273731,0.358985077699564
diabetes,logistic_regression,3,0.25,202944,50736,152208,27.5853936999993,2.00569309999992,0.809733414569465,0.636363636363636,0.000990239072004527,0.0019774011299435,0.860730053610848,0.387234173701512
diabetes,random_forest,3,0.25,202944,50736,152208,27.5853936999993,71.5278419999959,0.778129358378606,0.482993197278912,0.110482387890791,0.179829610868064,0.85958688111006,0.346099806254013
diabetes,logistic_regression,3,0.1,202944,20294,182650,18.7159014999997,1.61055499999929,0.8144749994074,0.559210526315789,0.0120243315886264,0.0235424456446476,0.861025701671397,0.389503395166513
diabetes,random_forest,3,0.1,202944,20294,182650,18.7159014999997,67.5963663000002,0.763267341292499,0.43552036199095,0.054463148960249,0.0968188105117566,0.858423998738568,0.318475326805232
diabetes,logistic_regression,3,0.05,202944,10147,192797,13.3977603000021,1.88660439999512,0.81480894499645,0.522079373951928,0.132126184750318,0.210882817791827,0.862228003784295,0.389147664405294
diabetes,random_forest,3,0.05,202944,10147,192797,13.3977603000021,64.0511125000048,0.774403350984907,0.469335054874112,0.102843400763899,0.168716639591553,0.85879848628193,0.336748832146774
diabetes,logistic_regression,3,0.01,202944,2029,200915,11.6513588999951,1.57622830000037,0.814468764836364,0.494377342773844,0.167916254067053,0.250686378035903,0.860138757489751,0.387389535994241
diabetes,random_forest,3,0.01,202944,2029,200915,11.6513588999951,65.2021158999996,0.774808436123279,0.463227783452503,0.128306691186872,0.200952697463166,0.857832702617471,0.340596983982141
diabetes,logistic_regression,4,0.5,202944,101472,101472,40.8647440999994,1.56680079999933,0.820688344717762,0.610942249240122,0.0568680152779743,0.104050731202278,0.863548565121413,0.403781059301927
diabetes,random_forest,4,0.5,202944,101472,101472,40.8647440999994,57.6931054000015,0.784690202059483,0.481460353679407,0.119394539538832,0.191339832237588,0.859389782403027,0.350449628327957
diabetes,logistic_regression,4,0.25,202944,50736,152208,23.944310400002,1.35088610000093,0.81942436602471,0.584988962472406,0.0749752440231999,0.132915360501567,0.863706244087039,0.398723727578255
diabetes,random_forest,4,0.25,202944,50736,152208,23.944310400002,60.5170470999947,0.790297611532758,0.503511615343058,0.131843259301174,0.208968609865471,0.860927152317881,0.362894141191593
diabetes,logistic_regression,4,0.1,202944,20294,182650,16.6441960000011,1.81608840000263,0.815231559500308,0.619897959183674,0.0343754420710143,0.0651387213510253,0.862523651844844,0.390910116579833
diabetes,random_forest,4,0.1,202944,20294,182650,16.6441960000011,62.8473761999994,0.783492621790936,0.51357220412595,0.0669118687225916,0.118397997496871,0.86116367076632,0.35375750597414
diabetes,logistic_regression,4,0.05,202944,10147,192797,13.0294333000056,1.37336720000167,0.815714818935212,0.576517150395778,0.0618192106379969,0.111664750223585,0.862957269000315,0.390453880044309
diabetes,random_forest,4,0.05,202944,10147,192797,13.0294333000056,64.3973915999959,0.783596155516967,0.538022813688213,0.0800679021077946,0.139391700529491,0.862247713654998,0.356364176047954
diabetes,logistic_regression,4,0.01,202944,2029,200915,11.2128789999988,1.41458000000421,0.808566375438067,0,0,0,0.860670923998739,0.383647004214413
diabetes,random_forest,4,0.01,202944,2029,200915,11.2128789999988,68.1162685000018,0.741715026922705,0.447293447293447,0.0222096477578158,0.0423180592991914,0.859941658782718,0.295481634885097
diabetes,logistic_regression,5,0.5,202944,101472,101472,40.8345829000027,1.48306020000018,0.821684546236112,0.591104734576757,0.058282642523695,0.106103528199845,0.863174077578051,0.402129252958279
diabetes,random_forest,5,0.5,202944,101472,101472,40.8345829000027,63.6810570999951,0.784672794178234,0.470859780727063,0.115433583250813,0.185412406271302,0.858680227057711,0.347508896049752
diabetes,logistic_regression,5,0.25,202944,50736,152208,27.1079614999981,1.48774299999786,0.821048044965029,0.583441138421734,0.0637996887820059,0.115021678143331,0.863213497319458,0.399586246646668
diabetes,random_forest,5,0.25,202944,50736,152208,27.1079614999981,64.281822099998,0.777729330224067,0.485672299779574,0.0935068609421418,0.156820877817319,0.859902239041312,0.344527171684405
diabetes,logistic_regression,5,0.1,202944,20294,182650,17.4593784999961,1.83687370000553,0.809955304718215,0.580993520518359,0.0380534729098882,0.0714285714285714,0.862149164301482,0.381158687258745
diabetes,random_forest,5,0.1,202944,20294,182650,17.4593784999961,65.3881191000037,0.772127295213431,0.474474474474474,0.0894044419295516,0.150458278776336,0.859330652790918,0.335815127977666
diabetes,logistic_regression,5,0.05,202944,10147,192797,13.4860155999995,1.46685550000257,0.810707549691029,0.516349809885932,0.0960531899844391,0.161975190839695,0.861518448438978,0.379028552164085
diabetes,random_forest,5,0.05,202944,10147,192797,13.4860155999995,65.3306064999997,0.770676094733252,0.441428571428571,0.0874239637855425,0.145944031172512,0.857438505203406,0.327109038353919
diabetes,logistic_regression,5,0.01,202944,2029,200915,11.2937598999997,1.35990339999989,0.809515207822776,0.457724425887265,0.24812561889942,0.321805338959728,0.854284925890886,0.37987177199891
diabetes,random_forest,5,0.01,202944,2029,200915,11.2937598999997,64.9017980999997,0.783179940802708,0.481572481572482,0.138633470080634,0.215289982425308,0.859192683695995,0.355034184289596
diabetes,logistic_regression,6,0.5,202944,101472,101472,41.976902800001,13.7071868000057,0.822085645071725,0.58761329305136,0.0550289998585373,0.100633811926012,0.862957269000315,0.407399784437682
diabetes,random_forest,6,0.5,202944,101472,101472,41.976902800001,63.4049258000014,0.782843703211055,0.493882807469414,0.108501909746782,0.177916956622593,0.860296436455377,0.351558473106147
diabetes,logistic_regression,6,0.25,202944,50736,152208,26.7229015999983,1.38617089999752,0.819513541933733,0.606060606060606,0.00848776347432452,0.0167410714285714,0.861084831283507,0.40272177098458
diabetes,random_forest,6,0.25,202944,50736,152208,26.7229015999983,65.1668672999949,0.772773314369525,0.475133214920071,0.0756825576460603,0.130567419158023,0.859567171239357,0.335600622343613
diabetes,logistic_regression,6,0.1,202944,20294,182650,17.8141364000039,1.70559499999945,0.815397217025496,0.475,0.00268779176686943,0.00534533689689126,0.860631504257332,0.393972622041136
diabetes,random_forest,6,0.1,202944,20294,182650,17.8141364000039,66.287840099998,0.752493414558191,0.405555555555556,0.041307115575046,0.0749775324175119,0.857990381583097,0.303456744616445
diabetes,logistic_regression,6,0.05,202944,10147,192797,14.3284457000045,1.39706070000102,0.80697738105727,0.480555555555556,0.195784410807752,0.278218916474017,0.858463418479975,0.380125576024683
diabetes,random_forest,6,0.05,202944,10147,192797,14.3284457000045,64.1643727000046,0.775696173275371,0.468885672937771,0.137501768284057,0.2126449354627,0.85812835067802,0.341345645306912
diabetes,logistic_regression,6,0.01,202944,2029,200915,10.1875338999962,1.81366260000505,0.790434240804493,0.441833941605839,0.27401329749611,0.338251986379115,0.850618889940082,0.360422901190451
diabetes,random_forest,6,0.01,202944,2029,200915,10.1875338999962,62.9309511999963,0.767884283303405,0.447991391678623,0.176686942990522,0.253423962666126,0.854955061494797,0.334247262659279
diabetes,logistic_regression,7,0.5,202944,101472,101472,40.2038218000016,1.58848500000022,0.819170843000468,0.599229287090559,0.0439949073419154,0.0819715340010543,0.862701040681173,0.399393319935925
diabetes,random_forest,7,0.5,202944,101472,101472,40.2038218000016,63.737876500003,0.779625446474413,0.480553724456163,0.103126326213043,0.169811320754717,0.859508041627247,0.344318341447036
diabetes,logistic_regression,7,0.25,202944,50736,152208,26.0166284000006,1.60328200000367,0.803083087219498,0.916666666666667,0.00311217994058566,0.00620329902720993,0.861065121412804,0.373489235358998
diabetes,random_forest,7,0.25,202944,50736,152208,26.0166284000006,65.7371813999998,0.778624055149464,0.476977567886659,0.114301881454237,0.184411731142303,0.859133554083885,0.344354593780056
diabetes,logistic_regression,7,0.1,202944,20294,182650,16.3203375000012,1.35404630000266,0.815799550140955,0.596638655462185,0.0200877068892347,0.0388668400164226,0.861577578051088,0.392234114288867
diabetes,random_forest,7,0.1,202944,20294,182650,16.3203375000012,64.1691231000004,0.767421873803127,0.44281914893617,0.0471070872825011,0.0851553509781358,0.858975875118259,0.32508564757363
diabetes,logistic_regression,7,0.05,202944,10147,192797,13.4102507999996,1.68976260000636,0.810683006635602,0.468378378378378,0.245154901683406,0.321849753923298,0.856058814254179,0.383869798443034
diabetes,random_forest,7,0.05,202944,10147,192797,13.4102507999996,63.0780620000005,0.783954574510483,0.457438650306748,0.168765030414486,0.246564017774104,0.856295332702617,0.347391197345838
diabetes,logistic_regression,7,0.01,202944,2029,200915,10.3627190999978,1.46055979999801,0.798865316494314,0.399231631182968,0.352808035082756,0.374586963051968,0.835856196783349,0.366676612517297
diabetes,random_forest,7,0.01,202944,2029,200915,10.3627190999978,61.7777525999991,0.788546772612022,0.432930575465902,0.299052199745367,0.353748326639893,0.847760958688111,0.370617446824485
diabetes,logistic_regression,8,0.5,202944,101472,101472,38.4895095000029,1.68982289999985,0.820586787135317,0.598550724637681,0.0584241052482671,0.106457017656915,0.86335146641438,0.401164122173889
diabetes,random_forest,8,0.5,202944,101472,101472,38.4895095000029,63.1723416000023,0.782553078900873,0.474226804123711,0.104116565285047,0.170745853149287,0.859094134342479,0.349340689710896
diabetes,logistic_regression,8,0.25,202944,50736,152208,25.0454700999981,1.43881980000151,0.818436269934644,0.609375,0.00551704625831094,0.0109350904247862,0.860946862188584,0.396203167928121
diabetes,random_forest,8,0.25,202944,50736,152208,25.0454700999981,59.2008161999984,0.76592421613098,0.443896424167694,0.0509265808459471,0.0913705583756345,0.858877325764743,0.318891418770557
diabetes,logistic_regression,8,0.1,202944,20294,182650,17.1976993000062,1.43530540000211,0.815575930056672,0.5,0.000848776347432452,0.00169467589323542,0.860670923998739,0.392722848342896
diabetes,random_forest,8,0.1,202944,20294,182650,17.1976993000062,65.4019852999991,0.741382833946245,0.318181818181818,0.0227754986561041,0.0425082508250825,0.857044307789341,0.284024022722449
diabetes,logistic_regression,8,0.05,202944,10147,192797,14.0676509000041,1.24677909999446,0.809703038650877,0,0,0,0.860670923998739,0.385611132243832
diabetes,random_forest,8,0.05,202944,10147,192797,14.0676509000041,75.297281799998,0.724456151759767,0.236914600550964,0.0121657943131985,0.0231431646932185,0.856906338694418,0.262481394685955
diabetes,logistic_regression,8,0.01,202944,2029,200915,12.9221510000061,1.91192549999687,0.798736301854546,0.538804638715433,0.0854434856415335,0.147496947496948,0.862385682749921,0.36697295226614
diabetes,random_forest,8,0.01,202944,2029,200915,12.9221510000061,63.2845701999977,0.769888774831568,0.467094703049759,0.0411656528504739,0.0756630265210608,0.859862819299905,0.331619354153402
diabetes,logistic_regression,9,0.5,202944,101472,101472,42.8176604000037,1.81451389999711,0.819572149169179,0.559602649006622,0.0956288018107229,0.163344206838226,0.863509145380006,0.399515304158724
diabetes,random_forest,9,0.5,202944,101472,101472,42.8176604000037,62.4635236999966,0.790232860434506,0.480836236933798,0.136652991936625,0.212822207534699,0.859153263954588,0.360876000027143
diabetes,logistic_regression,9,0.25,202944,50736,152208,25.3346806000045,1.36719530000119,0.816623747797584,0.583963691376702,0.0546046116848211,0.0998706338939198,0.862858719646799,0.397113283422066
diabetes,random_forest,9,0.25,202944,50736,152208,25.3346806000045,62.0959397999977,0.786793048845608,0.497816593886463,0.112887254208516,0.184040590405904,0.860532954903816,0.359889154391883
diabetes,logistic_regression,9,0.1,202944,20294,182650,18.5707947000046,1.54758289999882,0.807681469678589,0,0,0,0.860670923998739,0.378053162297709
diabetes,random_forest,9,0.1,202944,20294,182650,18.5707947000046,65.9737493000066,0.757050276944699,0.427055702917772,0.0455509973122082,0.0823213600920363,0.858502838221381,0.309553056825689
diabetes,logistic_regression,9,0.05,202944,10147,192797,13.3341329999967,1.35666309999942,0.80476965287998,0.44794864638571,0.227047672938181,0.301351858805858,0.853319142226427,0.374421682793053
diabetes,random_forest,9,0.05,202944,10147,192797,13.3341329999967,63.6183549999987,0.773416221909366,0.441814595660749,0.126750601216579,0.196988018027921,0.856019394512772,0.329318306550977
diabetes,logistic_regression,9,0.01,202944,2029,200915,10.810080999996,1.31307860000379,0.792453192196424,0.4,0.000565850898288301,0.00113010312190987,0.860631504257332,0.363000237270337
diabetes,random_forest,9,0.01,202944,2029,200915,10.810080999996,68.0697568000032,0.697584750505539,0.138801261829653,0.00622435988117131,0.0119144327105334,0.856157363607695,0.244077704691416
diabetes,logistic_regression,10,0.5,202944,101472,101472,50.6980438999963,8.55459640000481,0.818839302799308,0.598377281947262,0.0417315037487622,0.0780216873842899,0.862582781456954,0.399689122013695
diabetes,random_forest,10,0.5,202944,101472,101472,50.6980438999963,57.4680100999976,0.776721754541566,0.479151943462898,0.095911727259867,0.15983026874116,0.859508041627247,0.340357581024503
diabetes,logistic_regression,10,0.25,202944,50736,152208,24.6202268999987,1.43578030000208,0.815028186788837,0.497855611150822,0.197057575328901,0.282355325833587,0.8604344055503,0.386116566270614
diabetes,random_forest,10,0.25,202944,50736,152208,24.6202268999987,55.381392400006,0.789807237980943,0.468396054073803,0.1813552129014,0.261472567815623,0.857261116367077,0.359405674174782
diabetes,logistic_regression,10,0.1,202944,20294,182650,15.0974249999999,1.40768879999814,0.813145247528717,0.644230769230769,0.00947800254632904,0.0186811654816674,0.861262220119836,0.390432999415417
diabetes,random_forest,10,0.1,202944,20294,182650,15.0974249999999,63.2433204999979,0.75704915928972,0.429137760158573,0.0612533597397086,0.107204753651894,0.857852412488174,0.312249576731309
diabetes,logistic_regression,10,0.05,202944,10147,192797,14.6875101000041,1.91150170000037,0.812738009689667,0.574209245742092,0.0333852029990098,0.0631016042780749,0.861873226111637,0.385701123348017
diabetes,random_forest,10,0.05,202944,10147,192797,14.6875101000041,63.2102947999956,0.76924806210694,0.48664343786295,0.0592728815956995,0.105674653215637,0.860217596972564,0.334298592565431
diabetes,logistic_regression,10,0.01,202944,2029,200915,10.5090420999986,1.39911630000279,0.813434598684096,0.432237079869895,0.338378837176404,0.379592160596683,0.845888520971302,0.382025532122404
diabetes,random_forest,10,0.01,202944,2029,200915,10.5090420999986,62.353474399999,0.786138895105012,0.44248486443801,0.237798840005659,0.309348546190651,0.852057710501419,0.352064068708434
diabetes,logistic_regression,11,0.5,202944,101472,101472,41.2380431999991,1.38415080000414,0.815909997129959,0.583984375,0.0422973546470505,0.0788814140614695,0.862365972879218,0.395960405186379
diabetes,random_forest,11,0.5,202944,101472,101472,41.2380431999991,61.7723901000063,0.77534187502717,0.47008547008547,0.0933653982175697,0.155788976749675,0.859015294859666,0.334712093892906
diabetes,logistic_regression,11,0.25,202944,50736,152208,25.246158300004,1.45208160000038,0.812473237225091,0.550571679859279,0.0885556655821191,0.152571289300512,0.862937559129612,0.388505808046781
diabetes,random_forest,11,0.25,202944,50736,152208,25.246158300004,67.0819121000022,0.77875928168321,0.470765521398433,0.110482387890791,0.178964252978918,0.858759066540523,0.346556567309263
diabetes,logistic_regression,11,0.1,202944,20294,182650,17.2614975999968,1.49228230000153,0.809140542337316,0.55188679245283,0.0165511387749328,0.0321384425216316,0.86110454115421,0.381739632847463
diabetes,random_forest,11,0.1,202944,20294,182650,17.2614975999968,69.7294410999966,0.767506616347399,0.44578313253012,0.0680435705191682,0.118065783014237,0.858364869126458,0.325503345093582
diabetes,logistic_regression,11,0.05,202944,10147,192797,15.9406560999996,1.5848277000041,0.802145789358132,0,0,0,0.860670923998739,0.376056953180896
diabetes,random_forest,11,0.05,202944,10147,192797,15.9406560999996,73.2516899999973,0.709865561234837,0.318918918918919,0.0250389022492573,0.0464323189926548,0.856709239987386,0.255092898904358
diabetes,logistic_regression,11,0.01,202944,2029,200915,12.5603520000004,1.95637259999785,0.803132518345586,0,0,0,0.860670923998739,0.37537305673262
diabetes,random_forest,11,0.01,202944,2029,200915,12.5603520000004,72.5042180000019,0.712290142014522,0.264058679706601,0.0152779742537841,0.028884728537042,0.856866918953012,0.251913145964042
diabetes,logistic_regression,12,0.5,202944,101472,101472,44.3895697999978,1.76685159999761,0.82105469582205,0.602197802197802,0.0387607865327486,0.0728335991493886,0.862503941974141,0.405415647304488
diabetes,random_forest,12,0.5,202944,101472,101472,44.3895697999978,61.494251499993,0.780155626361176,0.475,0.104823878907908,0.171746436435276,0.859133554083885,0.341067072195639
diabetes,logistic_regression,12,0.25,202944,50736,152208,24.9687819999963,1.46199269999488,0.818752360580454,0.613095238095238,0.0437119818927713,0.0816057044764294,0.862917849258909,0.400735069138255
diabetes,random_forest,12,0.25,202944,50736,152208,24.9687819999963,61.6301190000013,0.787807879566735,0.508731966590736,0.0947800254632904,0.159790126401145,0.861124251024913,0.359144132275226
diabetes,logistic_regression,12,0.1,202944,20294,182650,16.6800087000011,1.38800209999317,0.813257202542048,0.605454545454545,0.0471070872825011,0.0874130463315396,0.862957269000315,0.393415886552819
diabetes,random_forest,12,0.1,202944,20294,182650,16.6800087000011,62.9408291,0.769350065131587,0.471657754010695,0.0623850615362852,0.110194902548726,0.859626300851466,0.330173410457512
diabetes,logistic_regression,12,0.05,202944,10147,192797,13.1183518999969,1.44082920000073,0.806498796335801,0,0,0,0.860670923998739,0.380497221045127
diabetes,random_forest,12,0.05,202944,10147,192797,13.1183518999969,67.9291032000037,0.731122231565782,0.336206896551724,0.0275852312915547,0.0509870571316512,0.856926048565121,0.278081028391179
diabetes,logistic_regression,12,0.01,202944,2029,200915,11.0621709000043,1.44843680000486,0.803834039600032,0,0,0,0.860670923998739,0.368952589106347
diabetes,random_forest,12,0.01,202944,2029,200915,11.0621709000043,64.9088435999947,0.724242328164345,0.240131578947368,0.0103267788937615,0.0198019801980198,0.857556764427625,0.270869357272836
diabetes,logistic_regression,13,0.5,202944,101472,101472,46.0281220999968,2.06924920000165,0.81890739228439,0.572681704260652,0.0646484651294384,0.116181517732299,0.862957269000315,0.401811776301534
diabetes,random_forest,13,0.5,202944,101472,101472,46.0281220999968,62.1534037000019,0.785301207838721,0.480491715660075,0.127174989390296,0.201118568232662,0.859232103437401,0.351041046510116
diabetes,logistic_regression,13,0.25,202944,50736,152208,25.9817040000053,1.39479319999373,0.818195729525849,0.612612612612613,0.00961946527090112,0.018941504178273,0.86116367076632,0.39915962667218
diabetes,random_forest,13,0.25,202944,50736,152208,25.9817040000053,57.6086888999998,0.771198436457053,0.452341137123746,0.0765313339934927,0.13091349062311,0.858423998738568,0.330447883618957
diabetes,logistic_regression,13,0.1,202944,20294,182650,16.1697329000017,1.40928159999748,0.812874499659477,0.666666666666667,0.00141462724572075,0.00282326369282891,0.860769473352255,0.393105958232433
diabetes,random_forest,13,0.1,202944,20294,182650,16.1697329000017,67.0962835999962,0.759587580518092,0.453143534994069,0.0540387607865327,0.0965621840242669,0.859113844213182,0.319725140505501
diabetes,logistic_regression,13,0.05,202944,10147,192797,13.9509907000029,2.13563669999712,0.813727939381815,0.571619812583668,0.0604045833922761,0.109263050153531,0.862779880163986,0.390285432310467
diabetes,random_forest,13,0.05,202944,10147,192797,13.9509907000029,61.8073896999995,0.758519121795441,0.440196078431373,0.0635167633328618,0.111014958585734,0.858266319772942,0.317249759407291
diabetes,logistic_regression,13,0.01,202944,2029,200915,10.5942960000029,1.38411379999889,0.814135110809482,0.547619047619048,0.0813410666289433,0.141643059490085,0.862641911069063,0.389992400717673
diabetes,random_forest,13,0.01,202944,2029,200915,10.5942960000029,63.4549381999968,0.776504796652833,0.464285714285714,0.0533314471636724,0.095673137926659,0.85952775149795,0.337891370367276
diabetes,logistic_regression,14,0.5,202944,101472,101472,42.7917406999986,1.71099900000263,0.818208443256185,0.561643835616438,0.0811996039043712,0.1418860462242,0.863154367707348,0.396938724625482
diabetes,random_forest,14,0.5,202944,101472,101472,42.7917406999986,56.6855168000038,0.784832933079488,0.472237801458216,0.119111614089687,0.190239493899684,0.858719646799117,0.353719015278833
diabetes,logistic_regression,14,0.25,202944,50736,152208,26.6483832999947,1.40227260000393,0.815447579530733,0.569190600522193,0.0616777479134248,0.111295469049138,0.862760170293283,0.392961589558496
diabetes,random_forest,14,0.25,202944,50736,152208,26.6483832999947,56.9346009000001,0.770292356804983,0.478198713366691,0.0946385627387183,0.15800661313179,0.85946862188584,0.336130642545089
diabetes,logistic_regression,14,0.1,202944,20294,182650,16.7873899999977,1.57344069999817,0.801678591759132,0.666666666666667,0.000282925449144151,0.000565610859728507,0.860690633869442,0.372372167656728
diabetes,random_forest,14,0.1,202944,20294,182650,16.7873899999977,63.5169824000041,0.755915332328893,0.430609597924773,0.046965624557929,0.0846938775510204,0.858561967833491,0.310441405939628
diabetes,logistic_regression,14,0.05,202944,10147,192797,12.7056060999967,1.39484810000431,0.808856499233193,0.451889168765743,0.253784127882303,0.325029441072561,0.853141753390098,0.380360756788018
diabetes,random_forest,14,0.05,202944,10147,192797,12.7056060999967,61.9148625999951,0.778533625523116,0.440750879937427,0.159428490592729,0.234157490130895,0.854698833175654,0.334710435408535
diabetes,logistic_regression,14,0.01,202944,2029,200915,10.2572278999942,1.27757859999838,0.798962516842129,0.512640449438202,0.103267788937615,0.171906275756505,0.861380479344055,0.369845249976066
diabetes,random_forest,14,0.01,202944,2029,200915,10.2572278999942,61.8892006000024,0.754766444562274,0.425925925925926,0.0422973546470505,0.0769527731308712,0.858621097445601,0.313327669420121
diabetes,logistic_regression,15,0.5,202944,101472,101472,40.6404947999981,1.58553530000063,0.817474683324853,0.613412228796844,0.0439949073419154,0.0821013727560718,0.862937559129612,0.403010586543618
diabetes,random_forest,15,0.5,202944,101472,101472,40.6404947999981,540.4129445,0.782601896126617,0.490012484394507,0.111048238789079,0.181063314496598,0.860040208136235,0.348282930543456
diabetes,logistic_regression,15,0.25,202944,50736,152208,30.7206217999992,1.90147779999825,0.814517878483646,0.571428571428571,0.0011317017965766,0.00225892983199209,0.860710343740145,0.397540900908823
diabetes,random_forest,15,0.25,202944,50736,152208,30.7206217999992,69.4446578000061,0.75188492917192,0.392131979695431,0.0437119818927713,0.0786559755631921,0.857320245979186,0.300847329339643
diabetes,logistic_regression,15,0.1,202944,20294,182650,19.0169391999952,1.91781310000079,0.808353405471883,0,0,0,0.860670923998739,0.385890433448841
diabetes,random_forest,15,0.1,202944,20294,182650,19.0169391999952,67.9277567999961,0.74668914554833,0.353448275862069,0.0289998585372754,0.0536017780101974,0.857320245979186,0.293349515426601
diabetes,logistic_regression,15,0.05,202944,10147,192797,14.0866277000023,1.61396959999547,0.80343292618631,0.446445497630332,0.26651577309379,0.333776242359819,0.85176206244087,0.37647885258069
diabetes,random_forest,15,0.05,202944,10147,192797,14.0866277000023,64.6028074999995,0.770488479337198,0.442056468605141,0.148394398076107,0.222198686718915,0.855250709555345,0.33050440815343
diabetes,logistic_regression,15,0.01,202944,2029,200915,12.6764487999972,1.90823310000269,0.807776266258304,0.625,0.000707313622860376,0.00141302811925957,0.860710343740145,0.381816671998449
diabetes,random_forest,15,0.01,202944,2029,200915,12.6764487999972,72.330195399998,0.71105633514654,0.147887323943662,0.00594143443202716,0.0114239086087311,0.856728949858089,0.245774091906277
diabetes,logistic_regression,16,0.5,202944,101472,101472,41.5668949000028,2.08906250000291,0.822511115265044,0.630350194552529,0.0458339227613524,0.0854543056837663,0.863312046672974,0.409536930200609
diabetes,random_forest,16,0.5,202944,101472,101472,41.5668949000028,68.4064039999939,0.782549602831908,0.503298153034301,0.107936058848493,0.177751892836342,0.860868022705771,0.351216224215277
diabetes,logistic_regression,16,0.25,202944,50736,152208,26.5934619000036,1.70723990000261,0.820029456331508,0.602777777777778,0.0613948224642807,0.111439209141096,0.863587984862819,0.403396535820733
diabetes,random_forest,16,0.25,202944,50736,152208,26.5934619000036,59.366131200004,0.781529716746738,0.48695652173913,0.102984863488471,0.170014012143858,0.859902239041312,0.349296100856349
diabetes,logistic_regression,16,0.1,202944,20294,182650,18.5929162000029,2.4433149999968,0.811129101612762,0.692307692307692,0.00254632904229735,0.00507399577167019,0.860868022705771,0.38532747561821
diabetes,random_forest,16,0.1,202944,20294,182650,18.5929162000029,63.2549199999994,0.762161329362546,0.447072072072072,0.0561607016551139,0.0997863516400654,0.858818196152633,0.318847285078924
diabetes,logistic_regression,16,0.05,202944,10147,192797,13.2003916999965,2.03149169999961,0.799073096653899,0,0,0,0.860670923998739,0.369181613289304
diabetes,random_forest,16,0.05,202944,10147,192797,13.2003916999965,68.4349879000001,0.731005486833939,0.318077803203661,0.0196633187155185,0.037037037037037,0.857537054556922,0.278602815566468
diabetes,logistic_regression,16,0.01,202944,2029,200915,12.3310732000027,1.69597439999779,0.810795920564509,0.546613545816733,0.0970434290564436,0.164824603555983,0.862976978871019,0.381973066169918
diabetes,random_forest,16,0.01,202944,2029,200915,12.3310732000027,61.5118501000034,0.759464687064073,0.394409937888199,0.0538972980619607,0.094835096453018,0.856650110375276,0.306700675952435
diabetes,logistic_regression,17,0.5,202944,101472,101472,42.4846036000017,1.88656950000586,0.819824088038972,0.635714285714286,0.0377705474607441,0.0713045800507411,0.862917849258909,0.402799223168332
diabetes,random_forest,17,0.5,202944,101472,101472,42.4846036000017,59.1230985000002,0.779394670158683,0.46657477601654,0.095770264535295,0.158920187793427,0.858759066540523,0.338611683162713
diabetes,logistic_regression,17,0.25,202944,50736,152208,25.9801619000064,1.92493419999664,0.817774109572944,0.581481481481481,0.0666289432734474,0.119558319583704,0.863272626931567,0.397002951178617
diabetes,random_forest,17,0.25,202944,50736,152208,25.9801619000064,61.7101428000024,0.794203950127669,0.496623695518723,0.114443344178809,0.186019774660842,0.860454115421003,0.368927220607245
diabetes,logistic_regression,17,0.1,202944,20294,182650,15.4438050000026,1.36499929999991,0.814376508087094,0.8,0.000565850898288301,0.00113090189426067,0.860730053610848,0.394229553962225
diabetes,random_forest,17,0.1,202944,20294,182650,15.4438050000026,68.1306039000046,0.746870775820981,0.360681114551084,0.0329608148252935,0.060401814646792,0.857123147272154,0.294259443839519
diabetes,logistic_regression,17,0.05,202944,10147,192797,13.5101675999977,1.63225270000112,0.814196057021435,0.520091324200913,0.161126043287594,0.246030888864888,0.862405392620624,0.390845989417288
diabetes,random_forest,17,0.05,202944,10147,192797,13.5101675999977,61.0093169999964,0.782074821376948,0.474295190713101,0.121375017682841,0.193286776300969,0.858837906023337,0.347892000759443
diabetes,logistic_regression,17,0.01,202944,2029,200915,10.1426234000028,1.66890430000058,0.804852552103431,0.545215100965759,0.0878483519592587,0.151315789473684,0.862701040681173,0.383501898194315
diabetes,random_forest,17,0.01,202944,2029,200915,10.1426234000028,61.4943893000018,0.76266883705113,0.456594323873122,0.0773801103409252,0.132333373654288,0.858621097445601,0.324216662712072
diabetes,logistic_regression,18,0.5,202944,101472,101472,40.9157644000006,1.4920645999955,0.820101402536163,0.522888154789995,0.156740698825859,0.241184153243361,0.862582781456954,0.401646560147621
diabetes,random_forest,18,0.5,202944,101472,101472,40.9157644000006,61.5646539000008,0.795237238353851,0.481789390340459,0.172160135804216,0.253673788431475,0.85885761589404,0.368890788852346
diabetes,logistic_regression,18,0.25,202944,50736,152208,25.1828924000001,1.47578000000067,0.817607844626572,0.544161232957913,0.129862781157165,0.209684787574235,0.863607694733523,0.400751600984222
diabetes,random_forest,18,0.25,202944,50736,152208,25.1828924000001,60.9613679999966,0.789537521917822,0.493073370959466,0.135945678313764,0.213129296961632,0.860138757489751,0.362039652071124
diabetes,logistic_regression,18,0.1,202944,20294,182650,15.6633279999951,1.47943380000652,0.819078497162758,0.539951573849879,0.126184750318291,0.204563696823759,0.863272626931567,0.398592861550704
diabetes,random_forest,18,0.1,202944,20294,182650,15.6633279999951,61.3721420999937,0.784639995054069,0.485819975339088,0.111472626962795,0.181337015303187,0.859764269946389,0.352500552969895
diabetes,logistic_regression,18,0.05,202944,10147,192797,16.1635013999985,1.89932850000332,0.815073819507785,0.514519056261343,0.160418729664733,0.244581041734067,0.861932355723746,0.391176271875365
diabetes,random_forest,18,0.05,202944,10147,192797,16.1635013999985,64.0107970999961,0.783913159724238,0.504429678848283,0.128872542085161,0.205295774647887,0.86098628192999,0.355105248326618
diabetes,logistic_regression,18,0.01,202944,2029,200915,11.7311362000037,1.66606920000049,0.802160215206313,1,0.000282925449144151,0.000565690849950502,0.860710343740145,0.380173767155014
diabetes,random_forest,18,0.01,202944,2029,200915,11.7311362000037,66.9760290999984,0.704891283869809,0.134328358208955,0.00509265808459471,0.00981327518059152,0.856807789340902,0.247656688165963
diabetes,logistic_regression,19,0.5,202944,101472,101472,42.5063331000056,1.64831960000447,0.817051349634313,0.61551724137931,0.0505021926722309,0.0933455353640999,0.863312046672974,0.400024289303074
diabetes,random_forest,19,0.5,202944,101472,101472,42.5063331000056,57.2539160000015,0.78643260835439,0.476059438635113,0.122365256754845,0.194688273688949,0.858956165247556,0.352064205438641
diabetes,logistic_regression,19,0.25,202944,50736,152208,26.1069254000031,1.48961210000562,0.810159785365927,0.647058823529412,0.00311217994058566,0.00619456567647473,0.860868022705771,0.391571246174183
diabetes,random_forest,19,0.25,202944,50736,152208,26.1069254000031,66.8599815999987,0.774930139031776,0.46241134751773,0.0922336964209931,0.153791720721783,0.858581677704194,0.33388805037323
diabetes,logistic_regression,19,0.1,202944,20294,182650,21.4355531000037,2.40187069999956,0.813972108119818,0.5,0.000424388173716226,0.000848056537102474,0.860670923998739,0.391291362471094
diabetes,random_forest,19,0.1,202944,20294,182650,21.4355531000037,73.5856878999984,0.744505928030671,0.328478964401294,0.0287169330881313,0.0528164433459087,0.85649243140965,0.288544080792053
diabetes,logistic_regression,19,0.05,202944,10147,192797,15.2083395999944,1.67103459999635,0.812174509106415,0.566197183098592,0.0568680152779743,0.103355187042036,0.862523651844844,0.388576817763091
diabetes,random_forest,19,0.05,202944,10147,192797,15.2083395999944,63.7106567999945,0.788405611168358,0.511326860841424,0.0670533314471637,0.11855927963982,0.861084831283507,0.359881704989669
diabetes,logistic_regression,19,0.01,202944,2029,200915,10.1415263999952,1.381163500002,0.806459416005577,0.405953224663359,0.405149243174424,0.405550835457378,0.834515925575528,0.379690113388478
diabetes,random_forest,19,0.01,202944,2029,200915,10.1415263999952,61.7850209000026,0.794181836756979,0.445940078158923,0.290564436271043,0.35186295503212,0.850855408388521,0.373826183001797
diabetes,logistic_regression,20,0.5,202944,101472,101472,46.2811585999953,3.48474949999945,0.822970108628581,0.55424395727937,0.139482246428066,0.222875226039783,0.864474929044465,0.408908037255142
diabetes,random_forest,20,0.5,202944,101472,101472,46.2811585999953,59.9795357999974,0.794367948988076,0.51447963800905,0.16084311783845,0.245069511800841,0.861932355723746,0.374478278270361
diabetes,logistic_regression,20,0.25,202944,50736,152208,24.5262671000019,1.46331459999783,0.82072388776589,0.63768115942029,0.0373461592870279,0.0705599358546038,0.862917849258909,0.407810993099625
diabetes,random_forest,20,0.25,202944,50736,152208,24.5262671000019,78.4100687000027,0.77495990266981,0.499122807017544,0.0804922902815108,0.138628334754538,0.860631504257332,0.340805462695576
diabetes,logistic_regression,20,0.1,202944,20294,182650,19.9255097999994,2.04107880000083,0.819424349826812,0.528242205151378,0.165369925024756,0.251885369532428,0.863134657836645,0.398840271264434
diabetes,random_forest,20,0.1,202944,20294,182650,19.9255097999994,68.9618169999958,0.782779862434684,0.477154724818276,0.130004243881737,0.204335742078933,0.858936455376853,0.346549608107146
diabetes,logistic_regression,20,0.05,202944,10147,192797,14.6322790999984,1.67018919999828,0.816735691472386,0.513915547024952,0.151506578016693,0.234021632251721,0.861814096499527,0.394209753853542
diabetes,random_forest,20,0.05,202944,10147,192797,14.6322790999984,70.1988054999965,0.78189242332392,0.488372093023256,0.112887254208516,0.183385039641503,0.859921948912015,0.351454096853389
diabetes,logistic_regression,20,0.01,202944,2029,200915,12.4599186999985,1.62920699999813,0.814503902937036,0.562628336755647,0.0775215730654972,0.136267561855029,0.863075528224535,0.389527605605179
diabetes,random_forest,20,0.01,202944,2029,200915,12.4599186999985,68.5994661000004,0.777084582602985,0.479757085020243,0.0670533314471637,0.117661660667742,0.859882529170609,0.338005154933885
diabetes,logistic_regression,21,0.5,202944,101472,101472,45.0840842999969,1.58447979999619,0.815570014584231,0.604206500956023,0.0447022209647758,0.083245521601686,0.862819299905393,0.39446584401094
diabetes,random_forest,21,0.5,202944,101472,101472,45.0840842999969,59.8228397999992,0.77662326646084,0.470325462667518,0.104258028009619,0.170680870773506,0.858837906023337,0.33914252187792
diabetes,logistic_regression,21,0.25,202944,50736,152208,28.5214390000037,1.63891880000301,0.812701535262389,0.622710622710623,0.0240486631772528,0.04630890765459,0.861991485335856,0.38876675418789
diabetes,random_forest,21,0.25,202944,50736,152208,28.5214390000037,64.9939496000006,0.774734220593079,0.471019320453031,0.100014146272457,0.164994165694282,0.858956165247556,0.336544898273483
diabetes,logistic_regression,21,0.1,202944,20294,182650,16.6473686000027,2.04763370000001,0.805356347233736,0.61890243902439,0.0287169330881313,0.05488711639854,0.862208293913592,0.378471278937537
diabetes,random_forest,21,0.1,202944,20294,182650,16.6473686000027,67.1877768999984,0.752673297077621,0.44672531769306,0.0646484651294384,0.112951062778052,0.858522548092085,0.312106501557686
diabetes,logistic_regression,21,0.05,202944,10147,192797,13.8500337000005,1.39668929999607,0.807188067119801,0.516873889875666,0.0411656528504739,0.0762578616352201,0.8610454115421,0.377588562136821
diabetes,random_forest,21,0.05,202944,10147,192797,13.8500337000005,65.6886812000012,0.755566175293596,0.423414634146341,0.0613948224642807,0.107239930812948,0.857576474298329,0.308140787705989
diabetes,logistic_regression,21,0.01,202944,2029,200915,11.7797394000008,1.47196670000267,0.806221430005336,0,0,0,0.860651214128035,0.379129620120189
diabetes,random_forest,21,0.01,202944,2029,200915,11.7797394000008,68.7077044000034,0.737920251351988,0.304166666666667,0.0103267788937615,0.0199753728280202,0.858818196152633,0.283538604447146
diabetes,logistic_regression,22,0.5,202944,101472,101472,43.0955369000003,1.74824010000157,0.819617780268338,0.536162005785921,0.157306549724148,0.243246199278136,0.863627404604226,0.402476697499899
diabetes,random_forest,22,0.5,202944,101472,101472,43.0955369000003,58.9726764999941,0.794302454406294,0.486508585445626,0.16834064224077,0.250131371518655,0.859370072532324,0.367651438168822
diabetes,logistic_regression,22,0.25,202944,50736,152208,25.0927241000027,1.48790860000008,0.808567723103201,0.766666666666667,0.00325364266515773,0.00647978588533596,0.86098628192999,0.380213724721254
diabetes,random_forest,22,0.25,202944,50736,152208,25.0927241000027,70.7537947000019,0.775741956634773,0.463745019920319,0.0823313057009478,0.139836617011052,0.858877325764743,0.336159799762875
diabetes,logistic_regression,22,0.1,202944,20294,182650,19.3121089999986,1.65269699999772,0.813415917648045,0.577916295636687,0.0918093082472768,0.158447265625,0.864120151371807,0.392600964537527
diabetes,random_forest,22,0.1,202944,20294,182650,19.3121089999986,64.5185433000006,0.78960601311078,0.520682862770847,0.112179940585656,0.184590316573557,0.861912645853043,0.364411148521323
diabetes,logistic_regression,22,0.05,202944,10147,192797,13.9211093999984,1.36124389999895,0.806262089969522,0,0,0,0.860670923998739,0.374332912692649
diabetes,random_forest,22,0.05,202944,10147,192797,13.9211093999984,69.7501263000013,0.735789179728163,0.35203366058906,0.0355071438675909,0.0645078386019018,0.856512141280353,0.279172617507575
diabetes,logistic_regression,22,0.01,202944,2029,200915,12.3864455000003,1.47686750000139,0.794075758341133,0.568720379146919,0.016975526948649,0.032967032967033,0.861242510249133,0.355670282573133
diabetes,random_forest,22,0.01,202944,2029,200915,12.3864455000003,64.9862770000036,0.724411826211208,0.246938775510204,0.0171169896732211,0.0320148167747056,0.855782876064333,0.263342289037489
diabetes,logistic_regression,23,0.5,202944,101472,101472,44.4612495999972,1.65043200000218,0.820996496773639,0.633891213389121,0.0428632055453388,0.0802968066781503,0.863193787448754,0.404429489169974
diabetes,random_forest,23,0.5,202944,101472,101472,44.4612495999972,60.388947499996,0.784101269156189,0.489505754908598,0.10227754986561,0.169201965831968,0.860059918006938,0.347938521713494
diabetes,logistic_regression,23,0.25,202944,50736,152208,27.7328430999987,1.41963950000354,0.819189264870148,0.574660633484163,0.0898288301032678,0.155370687545877,0.863923052664775,0.399059233977637
diabetes,random_forest,23,0.25,202944,50736,152208,27.7328430999987,64.6886386999977,0.787663326283176,0.478756476683938,0.130711557504598,0.205356150683409,0.859054714601072,0.35189353824917
diabetes,logistic_regression,23,0.1,202944,20294,182650,16.8706617999997,1.44816970000102,0.817298735274908,0.603293413173653,0.0570094780025463,0.104174744733101,0.863390886155787,0.397021921263391
diabetes,random_forest,23,0.1,202944,20294,182650,16.8706617999997,65.5721296999982,0.771094439471132,0.457792207792208,0.0797849766586504,0.135887242500904,0.858621097445601,0.328339934466756
diabetes,logistic_regression,23,0.05,202944,10147,192797,15.1794128999973,1.70502080000006,0.814369952797672,0.567647058823529,0.0546046116848211,0.0996257581623435,0.862484232103437,0.388650466274424
diabetes,random_forest,23,0.05,202944,10147,192797,15.1794128999973,66.1545981999952,0.766263769432404,0.437843784378438,0.056302164379686,0.0997743795437453,0.858443708609272,0.317800436092086
diabetes,logistic_regression,23,0.01,202944,2029,200915,12.0455851999941,1.60533410000062,0.807218005695136,1,0.000282925449144151,0.000565690849950502,0.860710343740145,0.372281615164839
diabetes,random_forest,23,0.01,202944,2029,200915,12.0455851999941,65.369883899999,0.758875221249927,0.422764227642276,0.0294242467109917,0.0550191773574924,0.859172973825292,0.311012319097927
diabetes,logistic_regression,24,0.5,202944,101472,101472,44.0324770000007,1.55430149999302,0.820923434533795,0.567723342939481,0.0836044702220965,0.145745992601726,0.863450015767897,0.403256451115201
diabetes,random_forest,24,0.5,202944,101472,101472,44.0324770000007,58.4681358000016,0.785367168919973,0.477441462021702,0.118262837742255,0.189569160997732,0.859113844213182,0.353110290488941
diabetes,logistic_regression,24,0.25,202944,50736,152208,26.5361551999958,1.50056039999617,0.814297382973935,0.60377358490566,0.0316876503041449,0.0602150537634409,0.862188584042889,0.394519328976891
diabetes,random_forest,24,0.25,202944,50736,152208,26.5361551999958,61.9957525999998,0.776384007305796,0.481099656357388,0.0990239072004527,0.16424213984045,0.85958688111006,0.341290473286485
diabetes,logistic_regression,24,0.1,202944,20294,182650,16.1760402999935,1.28776490000018,0.809012201530116,0.604938271604938,0.00693167350403169,0.0137062937062937,0.861005991800694,0.38443703351196
diabetes,random_forest,24,0.1,202944,20294,182650,16.1760402999935,67.9125260000001,0.780178617657951,0.514608859566447,0.0772386476163531,0.134317343173432,0.861281929990539,0.351797877768679
diabetes,logistic_regression,24,0.05,202944,10147,192797,13.226142200001,1.3862711000038,0.803232069008437,0.475654069767442,0.185174706464847,0.266571632216679,0.858029801324503,0.374005925941102
diabetes,random_forest,24,0.05,202944,10147,192797,13.226142200001,63.9684539000009,0.76917061347625,0.447645429362881,0.114301881454237,0.182105025918413,0.856945758435825,0.327401968557067
diabetes,logistic_regression,24,0.01,202944,2029,200915,10.3674975000031,1.20965609999985,0.791372421451313,0.520833333333333,0.060121657943132,0.107799619530755,0.861341059602649,0.36109587981099
diabetes,random_forest,24,0.01,202944,2029,200915,10.3674975000031,66.1093267000033,0.750533353864925,0.408284023668639,0.0292827839864196,0.0546462513199578,0.858837906023337,0.306388007125992
diabetes,logistic_regression,25,0.5,202944,101472,101472,41.6912863999969,1.59648120000202,0.81970853871202,0.615230460921844,0.0434290564436271,0.0811310782241015,0.862937559129612,0.404230302679159
diabetes,random_forest,25,0.5,202944,101472,101472,41.6912863999969,60.6038962000021,0.780451182931375,0.484653818700928,0.0960531899844391,0.160330578512397,0.859823399558499,0.345590341357669
diabetes,logistic_regression,25,0.25,202944,50736,152208,26.0304896000016,1.40026200000284,0.816984672605959,0.575723830734967,0.0731362286037629,0.129785364629095,0.86335146641438,0.398785498346022
diabetes,random_forest,25,0.25,202944,50736,152208,26.0304896000016,66.115910200002,0.780880827323073,0.476536682088566,0.101994624416466,0.168026101141925,0.859271523178808,0.345289594300664
diabetes,logistic_regression,25,0.1,202944,20294,182650,17.6531738999984,1.35883299999841,0.808655577263727,0,0,0,0.860670923998739,0.386183425997552
diabetes,random_forest,25,0.1,202944,20294,182650,17.6531738999984,69.7343792000029,0.754962037423216,0.425240054869685,0.0438534446173433,0.079507566042575,0.858522548092085,0.306470249810951
diabetes,logistic_regression,25,0.05,202944,10147,192797,15.4565746000007,1.86626580000302,0.80479389789408,0.457063711911357,0.233413495543924,0.309017698286356,0.854560864080732,0.376310895257567
diabetes,random_forest,25,0.05,202944,10147,192797,15.4565746000007,68.4514624999938,0.7902617866412,0.485086992543496,0.1656528504739,0.246968258989771,0.859251813308105,0.366030105634534
diabetes,logistic_regression,25,0.01,202944,2029,200915,11.2245394000056,1.54179749999457,0.803179548943153,0.451279527559055,0.259442636865186,0.32947094224378,0.852865815200252,0.374715711480159
diabetes,random_forest,25,0.01,202944,2029,200915,11.2245394000056,64.2465181000007,0.777380262277211,0.458546168958743,0.165086999575612,0.242770959018099,0.856512141280353,0.344987280279178
diabetes,logistic_regression,26,0.5,202944,101472,101472,48.7253175000005,1.75684239999828,0.819686716903498,0.571428571428571,0.0729947658791908,0.129453085800301,0.863213497319458,0.400450181285248
diabetes,random_forest,26,0.5,202944,101472,101472,48.7253175000005,87.6252247000011,0.787428916778869,0.482673267326733,0.110340925166219,0.179620034542314,0.859567171239357,0.351800817904791
diabetes,logistic_regression,26,0.25,202944,50736,152208,37.344468700001,2.02118129999872,0.815769852914305,0.55009633911368,0.080775215730655,0.140865918342173,0.862720750551876,0.392825088917677
diabetes,random_forest,26,0.25,202944,50736,152208,37.344468700001,70.7792734999966,0.782754483567707,0.49792531120332,0.118828688640543,0.191868433074463,0.860532954903816,0.353877090741835
diabetes,logistic_regression,26,0.1,202944,20294,182650,20.9507088999962,1.87254640000174,0.813972877519984,0.523067331670823,0.118687225915971,0.193473999769399,0.862129454430779,0.386893231793354
diabetes,random_forest,26,0.1,202944,20294,182650,20.9507088999962,67.9812339999989,0.793857264891646,0.512565445026178,0.138492007356062,0.218064372424546,0.861616997792494,0.372572772376006
diabetes,logistic_regression,26,0.05,202944,10147,192797,17.0145541999955,1.69206459999987,0.809357415996979,0.47185628742515,0.222945253925591,0.302814871745605,0.856965468306528,0.380642917910053
diabetes,random_forest,26,0.05,202944,10147,192797,17.0145541999955,67.1597615999999,0.783390413052982,0.47912360479537,0.163955297779035,0.244308600337268,0.858680227057711,0.355902143521298
diabetes,logistic_regression,26,0.01,202944,2029,200915,11.7724920000037,1.5583284999957,0.804422711717164,0.538904899135447,0.105814117979912,0.176894879981081,0.862799590034689,0.381387557563645
diabetes,random_forest,26,0.01,202944,2029,200915,11.7724920000037,64.4744655000031,0.767011323493885,0.475927387529597,0.0853020229169614,0.144673704414587,0.85946862188584,0.33544851772452
diabetes,logistic_regression,27,0.5,202944,101472,101472,44.6567493000039,1.81499939999776,0.82053170294274,0.619230769230769,0.0455509973122082,0.0848596653050468,0.863114947965941,0.40275171134493
diabetes,random_forest,27,0.5,202944,101472,101472,44.6567493000039,65.2142365999971,0.786122428321652,0.48676293622142,0.114443344178809,0.185316687664643,0.859803689687796,0.354487668537246
diabetes,logistic_regression,27,0.25,202944,50736,152208,26.5371824000031,1.64055989999906,0.81324607620574,0.735849056603774,0.00551704625831094,0.0109519797809604,0.86116367076632,0.394809290766828
diabetes,random_forest,27,0.25,202944,50736,152208,26.5371824000031,64.0435803,0.770861526652623,0.481767180925666,0.0971848917810157,0.161742201294879,0.85964601072217,0.335804455731729
diabetes,logistic_regression,27,0.1,202944,20294,182650,18.4840380999958,1.95467629999621,0.81408358691494,0.546212647671994,0.111189701513651,0.184767277856135,0.863292336802271,0.391748545988421
diabetes,random_forest,27,0.1,202944,20294,182650,18.4840380999958,64.4652655000027,0.776806532721214,0.487106017191977,0.0961946527090112,0.16066154754873,0.859961368653422,0.346043496172644
diabetes,logistic_regression,27,0.05,202944,10147,192797,13.6745557000031,1.46130699999776,0.792638826589523,0,0,0,0.860670923998739,0.355899241814084
diabetes,random_forest,27,0.05,202944,10147,192797,13.6745557000031,75.6714487999998,0.730403890413793,0.365553602811951,0.0294242467109917,0.0544645195077245,0.857655313781142,0.278958313660719
diabetes,logistic_regression,27,0.01,202944,2029,200915,12.8350594000003,1.77261480000016,0.81718998744543,0.548606390210741,0.114160418729665,0.188992974238876,0.863489435509303,0.392057428436864
diabetes,random_forest,27,0.01,202944,2029,200915,12.8350594000003,66.9302012999979,0.766951208234112,0.421780466724287,0.0690338095911727,0.118648188670071,0.857103437401451,0.317838924144035
diabetes,logistic_regression,28,0.5,202944,101472,101472,42.000606499998,1.81441330000234,0.822999036455064,0.555800293685756,0.107087282501061,0.179575376586407,0.863666824345632,0.403527634453003
diabetes,random_forest,28,0.5,202944,101472,101472,42.000606499998,60.6126705999995,0.79348163401145,0.475638051044084,0.144999292686377,0.222246313963573,0.858601387574897,0.360760891715648
diabetes,logistic_regression,28,0.25,202944,50736,152208,26.9319047999961,1.40664919999836,0.819532412485194,0.562982005141388,0.0929410100438534,0.159543467702768,0.863568274992116,0.398322932298123
diabetes,random_forest,28,0.25,202944,50736,152208,26.9319047999961,61.5044111000025,0.78300623454188,0.482722513089005,0.130428632055453,0.205368081078071,0.859370072532324,0.352674467544654
diabetes,logistic_regression,28,0.1,202944,20294,182650,17.3290291000012,1.44342559999495,0.815067285275631,0.461538461538462,0.0016975526948649,0.00338266384778013,0.860631504257332,0.389585846302918
diabetes,random_forest,28,0.1,202944,20294,182650,17.3290291000012,70.0161932999981,0.745311096396436,0.44,0.0389022492573207,0.0714842734598388,0.859192683695995,0.297600203289696
diabetes,logistic_regression,28,0.05,202944,10147,192797,16.5037582000004,1.96838559999742,0.815267037756844,0.520547945205479,0.129014004809733,0.206779276725995,0.862090034689372,0.388563580830796
diabetes,random_forest,28,0.05,202944,10147,192797,16.5037582000004,65.0194431999989,0.776517307909441,0.460446247464503,0.0963361154335833,0.159335517080019,0.858364869126458,0.333368681772747
diabetes,logistic_regression,28,0.01,202944,2029,200915,12.4108161999975,1.46202880000055,0.793838677803404,0,0,0,0.860670923998739,0.357536115762171
diabetes,random_forest,28,0.01,202944,2029,200915,12.4108161999975,67.6062803999957,0.709621083116978,0.174242424242424,0.00650728533031546,0.01254602481931,0.85728082623778,0.252093547740979
diabetes,logistic_regression,29,0.5,202944,101472,101472,45.7036474999986,1.73888690000604,0.81851505489194,0.518681318681319,0.166926014995049,0.252568493150685,0.862346263008515,0.397339167482825
diabetes,random_forest,29,0.5,202944,101472,101472,45.7036474999986,59.7114227000056,0.791731276168292,0.480519480519481,0.172725986702504,0.254110301768991,0.858719646799117,0.361951854856491
diabetes,logistic_regression,29,0.25,202944,50736,152208,27.0787388999961,1.45659549999982,0.813283344330032,0.636363636363636,0.000990239072004527,0.0019774011299435,0.860730053610848,0.389942842244727
diabetes,random_forest,29,0.25,202944,50736,152208,27.0787388999961,64.7287881999946,0.757383508206437,0.446124763705104,0.0667704059980195,0.116156023132767,0.858423998738568,0.30967627885436
diabetes,logistic_regression,29,0.1,202944,20294,182650,18.3367511999968,1.66268639999907,0.816547675988245,0.581497797356828,0.0560192389305418,0.102193548387097,0.862858719646799,0.393221051826766
diabetes,random_forest,29,0.1,202944,20294,182650,18.3367511999968,65.8285623999982,0.778050722441974,0.496674057649667,0.0950629509124346,0.15958204701971,0.860493535162409,0.344430964082428
diabetes,logistic_regression,29,0.05,202944,10147,192797,13.7352641000034,1.52796040000248,0.799323373619331,0,0,0,0.860670923998739,0.367816288510692
diabetes,random_forest,29,0.05,202944,10147,192797,13.7352641000034,75.7565484000006,0.71591188029761,0.296703296703297,0.0190974678172302,0.0358851674641148,0.857024597918638,0.264610888393081
diabetes,logistic_regression,29,0.01,202944,2029,200915,14.1182149000015,1.87100240000291,0.807806350614723,0.478260869565217,0.00311217994058566,0.0061841180604357,0.860631504257332,0.382750037696433
diabetes,random_forest,29,0.01,202944,2029,200915,14.1182149000015,66.3713700000008,0.725658978527558,0.181818181818182,0.00792191257603621,0.0151823234377118,0.856807789340902,0.269617665209814
cleveland,logistic_regression,0,0.5,242,121,121,0.9642285000009,0.359134199999971,0.916666666666667,0.846153846153846,0.785714285714286,0.814814814814815,0.836065573770492,0.893317634340591
cleveland,random_forest,0,0.5,242,121,121,0.9642285000009,0.934325399997761,0.922619047619048,0.875,0.75,0.807692307692308,0.836065573770492,0.904720938325513
cleveland,logistic_regression,0,0.25,242,61,181,0.968642599997111,0.0386755999934394,0.911255411255411,0.827586206896552,0.857142857142857,0.842105263157895,0.852459016393443,0.900192329324757
cleveland,random_forest,0,0.25,242,61,181,0.968642599997111,0.906741899998451,0.892857142857143,0.807692307692308,0.75,0.777777777777778,0.80327868852459,0.895429708361839
cleveland,logistic_regression,0,0.1,242,24,218,1.00230359999841,0.0341905000022962,0.796536796536797,0.714285714285714,0.714285714285714,0.714285714285714,0.737704918032787,0.700770087228306
cleveland,random_forest,0,0.1,242,24,218,1.00230359999841,0.913483300006192,0.835497835497836,0.833333333333333,0.714285714285714,0.769230769230769,0.80327868852459,0.776772119797682
cleveland,logistic_regression,0,0.05,242,12,230,0.913945799999055,0.0364085999972303,0.71969696969697,0.645161290322581,0.714285714285714,0.677966101694915,0.688524590163934,0.693883155156797
cleveland,random_forest,0,0.05,242,12,230,0.913945799999055,0.887515399997937,0.640692640692641,0.564102564102564,0.785714285714286,0.656716417910448,0.622950819672131,0.596634908515459
cleveland,logistic_regression,1,0.5,242,121,121,0.866493499997887,0.0399397000001045,0.895021645021645,0.791666666666667,0.678571428571429,0.730769230769231,0.770491803278688,0.866641912468975
cleveland,random_forest,1,0.5,242,121,121,0.866493499997887,0.901732599995739,0.849025974025974,0.818181818181818,0.642857142857143,0.72,0.770491803278688,0.812904735106026
cleveland,logistic_regression,1,0.25,242,61,181,0.875918599995202,0.0336710999981733,0.838744588744589,0.724137931034483,0.75,0.736842105263158,0.754098360655738,0.768188799771092
cleveland,random_forest,1,0.25,242,61,181,0.875918599995202,0.907319099998858,0.833874458874459,0.678571428571429,0.678571428571429,0.678571428571429,0.704918032786885,0.800181714924164
cleveland,logistic_regression,1,0.1,242,24,218,0.933239600002707,0.0339601999949082,0.810606060606061,0.631578947368421,0.857142857142857,0.727272727272727,0.704918032786885,0.754413560933041
cleveland,random_forest,1,0.1,242,24,218,0.933239600002707,0.874461500003235,0.859848484848485,0.727272727272727,0.857142857142857,0.786885245901639,0.786885245901639,0.856088486695951
cleveland,logistic_regression,1,0.05,242,12,230,0.912801400001626,0.0352868999980274,0.655844155844156,0.6,0.642857142857143,0.620689655172414,0.639344262295082,0.629260627923324
cleveland,random_forest,1,0.05,242,12,230,0.912801400001626,0.905814400000963,0.663961038961039,0.567567567567568,0.75,0.646153846153846,0.622950819672131,0.66287363701047
cleveland,logistic_regression,2,0.5,242,121,121,0.818499100001645,0.0386546000008821,0.867965367965368,0.814814814814815,0.785714285714286,0.8,0.819672131147541,0.87694434459531
cleveland,random_forest,2,0.5,242,121,121,0.818499100001645,0.886812500000815,0.871212121212121,0.782608695652174,0.642857142857143,0.705882352941177,0.754098360655738,0.885216876606985
cleveland,logistic_regression,2,0.25,242,61,181,0.855155299999751,0.0378933000029065,0.857142857142857,0.80952380952381,0.607142857142857,0.693877551020408,0.754098360655738,0.868143051979876
cleveland,random_forest,2,0.25,242,61,181,0.855155299999751,0.972970599999826,0.816558441558441,0.727272727272727,0.571428571428571,0.64,0.704918032786885,0.821588834710902
cleveland,logistic_regression,2,0.1,242,24,218,1.09098439999798,0.0385234999994282,0.765151515151515,0.617647058823529,0.75,0.67741935483871,0.672131147540984,0.765661408102414
cleveland,random_forest,2,0.1,242,24,218,1.09098439999798,0.908487999993667,0.871212121212121,0.676470588235294,0.821428571428571,0.741935483870968,0.737704918032787,0.87037432305091
cleveland,logistic_regression,2,0.05,242,12,230,0.859149399999296,0.0337180000060471,0.586580086580087,0.576923076923077,0.535714285714286,0.555555555555556,0.60655737704918,0.593595808077449
cleveland,random_forest,2,0.05,242,12,230,0.859149399999296,0.903209900003276,0.656926406926407,0.53125,0.607142857142857,0.566666666666667,0.573770491803279,0.649050880901136
cleveland,logistic_regression,3,0.5,242,121,121,0.840417399995204,0.0492769999982556,0.867965367965368,0.724137931034483,0.75,0.736842105263158,0.754098360655738,0.868893476341993
cleveland,random_forest,3,0.5,242,121,121,0.840417399995204,0.900164500002575,0.876082251082251,0.75,0.75,0.75,0.770491803278688,0.880242286321698
cleveland,logistic_regression,3,0.25,242,61,181,0.78833019999729,0.0344344999975874,0.814935064935065,0.807692307692308,0.75,0.777777777777778,0.80327868852459,0.801321751119928
cleveland,random_forest,3,0.25,242,61,181,0.78833019999729,0.902917499995965,0.866883116883117,0.807692307692308,0.75,0.777777777777778,0.80327868852459,0.841538263002699
cleveland,logistic_regression,3,0.1,242,24,218,0.858822700000019,0.0332742999962647,0.844155844155844,0.739130434782609,0.607142857142857,0.666666666666667,0.721311475409836,0.768901964398554
cleveland,random_forest,3,0.1,242,24,218,0.858822700000019,1.00428139999713,0.843614718614719,0.782608695652174,0.642857142857143,0.705882352941177,0.754098360655738,0.83164089181279
cleveland,logistic_regression,3,0.05,242,12,230,0.872626100004709,0.0328924999994342,0.528138528138528,0.5,0.428571428571429,0.461538461538462,0.540983606557377,0.472448400625256
cleveland,random_forest,3,0.05,242,12,230,0.872626100004709,0.909065099993313,0.711580086580087,0.608695652173913,0.5,0.549019607843137,0.622950819672131,0.640684745177981
cleveland,logistic_regression,4,0.5,242,121,121,0.795456200001354,0.0347856000007596,0.931818181818182,0.956521739130435,0.785714285714286,0.862745098039216,0.885245901639344,0.940829895930251
cleveland,random_forest,4,0.5,242,121,121,0.795456200001354,0.885020399997302,0.925865800865801,0.956521739130435,0.785714285714286,0.862745098039216,0.885245901639344,0.903874807166103
cleveland,logistic_regression,4,0.25,242,61,181,0.814095699999598,0.0344014000002062,0.882034632034632,0.904761904761905,0.678571428571429,0.775510204081633,0.819672131147541,0.896129762429243
cleveland,random_forest,4,0.25,242,61,181,0.814095699999598,0.920546299996204,0.89448051948052,0.9,0.642857142857143,0.75,0.80327868852459,0.900185435397714
cleveland,logistic_regression,4,0.1,242,24,218,0.819787499996892,0.0318728999991436,0.774891774891775,0.772727272727273,0.607142857142857,0.68,0.737704918032787,0.753950738735271
cleveland,random_forest,4,0.1,242,24,218,0.819787499996892,0.91940600000089,0.82521645021645,0.730769230769231,0.678571428571429,0.703703703703704,0.737704918032787,0.80652551942257
cleveland,logistic_regression,4,0.05,242,12,230,0.962620799997239,0.0322008000002825,0.840909090909091,0.727272727272727,0.857142857142857,0.786885245901639,0.786885245901639,0.803452213335783
cleveland,random_forest,4,0.05,242,12,230,0.962620799997239,0.853572200001508,0.878787878787879,0.714285714285714,0.892857142857143,0.793650793650794,0.786885245901639,0.873082578925479
cleveland,logistic_regression,5,0.5,242,121,121,0.876965099996596,0.0385039000029792,0.838744588744589,0.7,0.75,0.724137931034483,0.737704918032787,0.866984742390615
cleveland,random_forest,5,0.5,242,121,121,0.876965099996596,0.907150699997146,0.795454545454546,0.692307692307692,0.642857142857143,0.666666666666667,0.704918032786885,0.824506091568223
cleveland,logistic_regression,5,0.25,242,61,181,0.807930800001486,0.0331010000008973,0.832251082251082,0.730769230769231,0.678571428571429,0.703703703703704,0.737704918032787,0.807723465331895
cleveland,random_forest,5,0.25,242,61,181,0.807930800001486,0.885449100002006,0.878246753246753,0.8,0.571428571428571,0.666666666666667,0.737704918032787,0.875665599632879
cleveland,logistic_regression,5,0.1,242,24,218,0.826217699999688,0.0360128999964218,0.824675324675325,0.568181818181818,0.892857142857143,0.694444444444444,0.639344262295082,0.811138070745978
cleveland,random_forest,5,0.1,242,24,218,0.826217699999688,0.896107500004291,0.870670995670996,0.615384615384615,0.857142857142857,0.716417910447761,0.688524590163934,0.849971787109437
cleveland,logistic_regression,5,0.05,242,12,230,0.989763700003095,0.0390836000005947,0.627705627705628,0.518518518518518,0.5,0.509090909090909,0.557377049180328,0.534414240234023
cleveland,random_forest,5,0.05,242,12,230,0.989763700003095,0.871481899994251,0.64448051948052,0.548387096774194,0.607142857142857,0.576271186440678,0.590163934426229,0.589245464547759
cleveland,logistic_regression,6,0.5,242,121,121,0.809715299998061,0.039803399995435,0.866883116883117,0.833333333333333,0.714285714285714,0.769230769230769,0.80327868852459,0.876519143000576
cleveland,random_forest,6,0.5,242,121,121,0.809715299998061,0.919531300001836,0.853354978354978,0.857142857142857,0.642857142857143,0.73469387755102,0.786885245901639,0.860039557825343
cleveland,logistic_regression,6,0.25,242,61,181,0.734352199993737,0.0357590999992681,0.8495670995671,0.8,0.571428571428571,0.666666666666667,0.737704918032787,0.868103720807739
cleveland,random_forest,6,0.25,242,61,181,0.734352199993737,0.889027299999725,0.769480519480519,0.75,0.535714285714286,0.625,0.704918032786885,0.762446450269736
cleveland,logistic_regression,6,0.1,242,24,218,1.04169060000277,0.0415571999983513,0.809523809523809,0.740740740740741,0.714285714285714,0.727272727272727,0.754098360655738,0.768915679734102
cleveland,random_forest,6,0.1,242,24,218,1.04169060000277,0.980019299997366,0.751082251082251,0.652173913043478,0.535714285714286,0.588235294117647,0.655737704918033,0.739948506227654
cleveland,logistic_regression,6,0.05,242,12,230,0.907312600000296,0.0337757000015699,0.822510822510823,0.6875,0.785714285714286,0.733333333333333,0.737704918032787,0.799922641929684
cleveland,random_forest,6,0.05,242,12,230,0.907312600000296,0.872624499999802,0.822510822510822,0.76,0.678571428571429,0.716981132075472,0.754098360655738,0.787433005653042
cleveland,logistic_regression,7,0.5,242,121,121,0.793291100002534,0.0351302000053693,0.952380952380952,0.925925925925926,0.892857142857143,0.909090909090909,0.918032786885246,0.947241004511595
cleveland,random_forest,7,0.5,242,121,121,0.793291100002534,0.880731099998229,0.943181818181818,0.8,0.857142857142857,0.827586206896552,0.836065573770492,0.939327483558889
cleveland,logistic_regression,7,0.25,242,61,181,0.913870800002769,0.0348824999964563,0.914502164502164,0.814814814814815,0.785714285714286,0.8,0.819672131147541,0.90043485799857
cleveland,random_forest,7,0.25,242,61,181,0.913870800002769,0.889562100004696,0.939935064935065,0.821428571428571,0.821428571428571,0.821428571428571,0.836065573770492,0.931313848216061
cleveland,logistic_regression,7,0.1,242,24,218,0.801153899999917,0.0332111000025179,0.761904761904762,0.695652173913043,0.571428571428571,0.627450980392157,0.688524590163934,0.782774587415286
cleveland,random_forest,7,0.1,242,24,218,0.801153899999917,0.87889250000444,0.792207792207792,0.739130434782609,0.607142857142857,0.666666666666667,0.721311475409836,0.793926928100566
cleveland,logistic_regression,7,0.05,242,12,230,0.86366850000195,0.0334504999991623,0.665584415584416,0.571428571428571,0.714285714285714,0.634920634920635,0.622950819672131,0.613539816972392
cleveland,random_forest,7,0.05,242,12,230,0.86366850000195,0.862294600003224,0.726731601731602,0.655172413793103,0.678571428571429,0.666666666666667,0.688524590163934,0.67543298851565
cleveland,logistic_regression,8,0.5,242,121,121,0.836304500000551,0.0364253000007011,0.871212121212121,0.888888888888889,0.571428571428571,0.695652173913043,0.770491803278688,0.879651126885686
cleveland,random_forest,8,0.5,242,121,121,0.836304500000551,0.9116686999987,0.86038961038961,0.944444444444444,0.607142857142857,0.739130434782609,0.80327868852459,0.87692025190643
cleveland,logistic_regression,8,0.25,242,61,181,0.79721960000461,0.0356227000011131,0.758658008658009,0.8,0.571428571428571,0.666666666666667,0.737704918032787,0.696026521239305
cleveland,random_forest,8,0.25,242,61,181,0.79721960000461,0.883326000002853,0.75,0.684210526315789,0.464285714285714,0.553191489361702,0.655737704918033,0.735161593112752
cleveland,logistic_regression,8,0.1,242,24,218,0.78434500000003,0.0334665999980643,0.825757575757576,0.875,0.5,0.636363636363636,0.737704918032787,0.780044360166129
cleveland,random_forest,8,0.1,242,24,218,0.78434500000003,0.876292000000831,0.827922077922078,0.933333333333333,0.5,0.651162790697674,0.754098360655738,0.843643275492015
cleveland,logistic_regression,8,0.05,242,12,230,0.851461400001426,0.0337120000040159,0.8495670995671,0.928571428571429,0.464285714285714,0.619047619047619,0.737704918032787,0.815888740241451
cleveland,random_forest,8,0.05,242,12,230,0.851461400001426,0.852630000001227,0.840909090909091,1,0.357142857142857,0.526315789473684,0.704918032786885,0.86341130029532
cleveland,logistic_regression,9,0.5,242,121,121,0.848869400004332,0.0385720999984187,0.738095238095238,0.772727272727273,0.607142857142857,0.68,0.737704918032787,0.727881143350409
cleveland,random_forest,9,0.5,242,121,121,0.848869400004332,0.881839599998784,0.716450216450216,0.761904761904762,0.571428571428571,0.653061224489796,0.721311475409836,0.744084895413649
cleveland,logistic_regression,9,0.25,242,61,181,0.831963700002234,0.0381852999998955,0.800865800865801,0.823529411764706,0.5,0.622222222222222,0.721311475409836,0.74473557024
cleveland,random_forest,9,0.25,242,61,181,0.831963700002234,0.886410900006013,0.803030303030303,0.842105263157895,0.571428571428571,0.680851063829787,0.754098360655738,0.729322619898082
cleveland,logistic_regression,9,0.1,242,24,218,0.841641800005164,0.0353366999988793,0.738095238095238,0.733333333333333,0.392857142857143,0.511627906976744,0.655737704918033,0.668372637817231
cleveland,random_forest,9,0.1,242,24,218,0.841641800005164,0.894413900001382,0.798160173160173,0.736842105263158,0.5,0.595744680851064,0.688524590163934,0.770979756895037
cleveland,logistic_regression,9,0.05,242,12,230,0.789617000002181,0.0371949999971548,0.783549783549784,0.705882352941177,0.428571428571429,0.533333333333333,0.655737704918033,0.750651510020044
cleveland,random_forest,9,0.05,242,12,230,0.789617000002181,0.893030300001556,0.820887445887446,0.772727272727273,0.607142857142857,0.68,0.737704918032787,0.80660746501777
cleveland,logistic_regression,10,0.5,242,121,121,0.800911899998027,0.032717899994168,0.891774891774892,0.833333333333333,0.714285714285714,0.769230769230769,0.80327868852459,0.869081862648756
cleveland,random_forest,10,0.5,242,121,121,0.800911899998027,0.881923699998879,0.909632034632035,0.91304347826087,0.75,0.823529411764706,0.852459016393443,0.876520667666064
cleveland,logistic_regression,10,0.25,242,61,181,0.814498400002776,0.033547399994859,0.848484848484849,0.791666666666667,0.678571428571429,0.730769230769231,0.770491803278688,0.850954613995917
cleveland,random_forest,10,0.25,242,61,181,0.814498400002776,0.897037900002033,0.869047619047619,0.882352941176471,0.535714285714286,0.666666666666667,0.754098360655738,0.848023397844564
cleveland,logistic_regression,10,0.1,242,24,218,0.839083400001982,0.0351714999997057,0.75,0.560975609756098,0.821428571428571,0.666666666666667,0.622950819672131,0.791037785237898
cleveland,random_forest,10,0.1,242,24,218,0.839083400001982,0.855915600004664,0.753787878787879,0.594594594594595,0.785714285714286,0.676923076923077,0.655737704918033,0.744404912333557
cleveland,logistic_regression,10,0.05,242,12,230,1.02847360000305,0.0372916999986046,0.747835497835498,0.490196078431373,0.892857142857143,0.632911392405063,0.524590163934426,0.77465752752847
cleveland,random_forest,10,0.05,242,12,230,1.02847360000305,0.977521899993008,0.687770562770563,0.51063829787234,0.857142857142857,0.64,0.557377049180328,0.62049403534688
cleveland,logistic_regression,11,0.5,242,121,121,0.778303800005233,0.039087400000426,0.925324675324675,0.884615384615385,0.821428571428571,0.851851851851852,0.868852459016393,0.937011000697818
cleveland,random_forest,11,0.5,242,121,121,0.778303800005233,0.951908399998501,0.893398268398268,0.846153846153846,0.785714285714286,0.814814814814815,0.836065573770492,0.903793107094443
cleveland,logistic_regression,11,0.25,242,61,181,0.812933299996075,0.0331902000034461,0.885281385281385,0.884615384615385,0.821428571428571,0.851851851851852,0.868852459016393,0.910945668011703
cleveland,random_forest,11,0.25,242,61,181,0.812933299996075,0.869192999998631,0.87987012987013,0.733333333333333,0.785714285714286,0.758620689655172,0.770491803278688,0.901328778264553
cleveland,logistic_regression,11,0.1,242,24,218,0.805662699996901,0.0330009999961476,0.87012987012987,0.8,0.714285714285714,0.754716981132076,0.786885245901639,0.877163869325958
cleveland,random_forest,11,0.1,242,24,218,0.805662699996901,0.88111729999946,0.846320346320346,0.769230769230769,0.714285714285714,0.740740740740741,0.770491803278688,0.84673844466273
cleveland,logistic_regression,11,0.05,242,12,230,0.846922199998517,0.0318028999972739,0.782467532467533,0.695652173913043,0.571428571428571,0.627450980392157,0.688524590163934,0.783113422996253
cleveland,random_forest,11,0.05,242,12,230,0.846922199998517,0.846416799999133,0.751082251082251,0.666666666666667,0.285714285714286,0.4,0.60655737704918,0.714037172835391
cleveland,logistic_regression,12,0.5,242,121,121,0.796417899997323,0.0427507999993395,0.920995670995671,0.806451612903226,0.892857142857143,0.847457627118644,0.852459016393443,0.943748486424753
cleveland,random_forest,12,0.5,242,121,121,0.796417899997323,1.0748018000013,0.951298701298701,0.838709677419355,0.928571428571429,0.88135593220339,0.885245901639344,0.957130890404135
cleveland,logistic_regression,12,0.25,242,61,181,0.862011899997015,0.0319558999981382,0.885281385281385,0.741935483870968,0.821428571428571,0.779661016949153,0.786885245901639,0.905204226464888
cleveland,random_forest,12,0.25,242,61,181,0.862011899997015,0.86998009999661,0.910714285714286,0.793103448275862,0.821428571428571,0.807017543859649,0.819672131147541,0.90917224059145
cleveland,logistic_regression,12,0.1,242,24,218,0.71352399999887,0.0362905000001774,0.884199134199134,0.65,0.928571428571429,0.764705882352941,0.737704918032787,0.884061012561964
cleveland,random_forest,12,0.1,242,24,218,0.71352399999887,0.912899599999946,0.853896103896104,0.705882352941177,0.857142857142857,0.774193548387097,0.770491803278688,0.786378499550921
cleveland,logistic_regression,12,0.05,242,12,230,0.810316399998555,0.0331454999977723,0.821428571428572,0.72,0.642857142857143,0.679245283018868,0.721311475409836,0.82504238609114
cleveland,random_forest,12,0.05,242,12,230,0.810316399998555,0.900649900002463,0.847943722943723,0.76,0.678571428571429,0.716981132075472,0.754098360655738,0.852619257438327
cleveland,logistic_regression,13,0.5,242,121,121,0.842709399999876,0.0364721000005375,0.871212121212121,0.8,0.714285714285714,0.754716981132076,0.786885245901639,0.872573088395528
cleveland,random_forest,13,0.5,242,121,121,0.842709399999876,0.923274399996444,0.841450216450216,0.740740740740741,0.714285714285714,0.727272727272727,0.754098360655738,0.787142308975905
cleveland,logistic_regression,13,0.25,242,61,181,0.838782200000423,0.0385832000029041,0.844155844155844,0.772727272727273,0.607142857142857,0.68,0.737704918032787,0.806672872470699
cleveland,random_forest,13,0.25,242,61,181,0.838782200000423,0.889843000004475,0.821428571428571,0.818181818181818,0.642857142857143,0.72,0.770491803278688,0.74522612487064
cleveland,logistic_regression,13,0.1,242,24,218,0.885542000003625,0.0321465000015451,0.770562770562771,0.761904761904762,0.571428571428571,0.653061224489796,0.721311475409836,0.757599154405999
cleveland,random_forest,13,0.1,242,24,218,0.885542000003625,0.894969799999672,0.729978354978355,0.64,0.571428571428571,0.60377358490566,0.655737704918033,0.702985226784976
cleveland,logistic_regression,13,0.05,242,12,230,0.861960900001577,0.033597199995711,0.675324675324675,0.523809523809524,0.785714285714286,0.628571428571429,0.573770491803279,0.656474781856975
cleveland,random_forest,13,0.05,242,12,230,0.861960900001577,0.87063560000388,0.632034632034632,0.547619047619048,0.821428571428571,0.657142857142857,0.60655737704918,0.560414116167983
cleveland,logistic_regression,14,0.5,242,121,121,0.751453500000935,0.0347079999992275,0.851731601731602,0.75,0.75,0.75,0.770491803278688,0.79265415240859
cleveland,random_forest,14,0.5,242,121,121,0.751453500000935,0.906055999999808,0.873917748917749,0.785714285714286,0.785714285714286,0.785714285714286,0.80327868852459,0.838681663675642
cleveland,logistic_regression,14,0.25,242,61,181,0.900442400001339,0.0333216999933938,0.865800865800866,0.741935483870968,0.821428571428571,0.779661016949153,0.786885245901639,0.854617548414547
cleveland,random_forest,14,0.25,242,61,181,0.900442400001339,0.892119300006016,0.891774891774892,0.75,0.75,0.75,0.770491803278688,0.88097971127992
cleveland,logistic_regression,14,0.1,242,24,218,0.79069509999681,0.0320019999999204,0.656926406926407,0.625,0.714285714285714,0.666666666666667,0.672131147540984,0.625935974466357
cleveland,random_forest,14,0.1,242,24,218,0.79069509999681,0.888069200002064,0.645021645021645,0.551724137931034,0.571428571428571,0.56140350877193,0.590163934426229,0.542343615001292
cleveland,logistic_regression,14,0.05,242,12,230,0.856439199997112,0.0329121000031591,0.663419913419913,0.59375,0.678571428571429,0.633333333333333,0.639344262295082,0.57574694187609
cleveland,random_forest,14,0.05,242,12,230,0.856439199997112,0.883004100003745,0.589285714285714,0.564102564102564,0.785714285714286,0.656716417910448,0.622950819672131,0.521987215536841
cleveland,logistic_regression,15,0.5,242,121,121,0.863012399997388,0.0345225999990362,0.903679653679654,1,0.678571428571429,0.808510638297872,0.852459016393443,0.920660583331391
cleveland,random_forest,15,0.5,242,121,121,0.863012399997388,0.9717260000034,0.890151515151515,1,0.607142857142857,0.755555555555556,0.819672131147541,0.90884494280184
cleveland,logistic_regression,15,0.25,242,61,181,1.17890839999745,0.0469041999967885,0.832251082251082,0.875,0.5,0.636363636363636,0.737704918032787,0.850061314399822
cleveland,random_forest,15,0.25,242,61,181,1.17890839999745,1.16466330000549,0.826298701298701,0.888888888888889,0.571428571428571,0.695652173913043,0.770491803278688,0.855865339042964
cleveland,logistic_regression,15,0.1,242,24,218,1.05559879999782,0.0565353999991203,0.757575757575758,0.8,0.428571428571429,0.558139534883721,0.688524590163934,0.709333361033663
cleveland,random_forest,15,0.1,242,24,218,1.05559879999782,1.08728569999948,0.767857142857143,0.8125,0.464285714285714,0.590909090909091,0.704918032786885,0.767010920076121
cleveland,logistic_regression,15,0.05,242,12,230,1.05731799999921,0.0441697999995085,0.75,0.552631578947368,0.75,0.636363636363636,0.60655737704918,0.742013913795087
cleveland,random_forest,15,0.05,242,12,230,1.05731799999921,0.971259000005375,0.728354978354978,0.75,0.535714285714286,0.625,0.704918032786885,0.738459429786817
cleveland,logistic_regression,16,0.5,242,121,121,1.11472149999463,0.0554029999984778,0.884199134199134,0.888888888888889,0.857142857142857,0.872727272727273,0.885245901639344,0.805296591500568
cleveland,random_forest,16,0.5,242,121,121,1.11472149999463,1.03156290000334,0.87012987012987,0.785714285714286,0.785714285714286,0.785714285714286,0.80327868852459,0.810831503011758
cleveland,logistic_regression,16,0.25,242,61,181,0.971204100002069,0.069884299999103,0.752164502164502,0.647058823529412,0.785714285714286,0.709677419354839,0.704918032786885,0.710872282923585
cleveland,random_forest,16,0.25,242,61,181,0.971204100002069,0.958222900000692,0.719155844155844,0.607142857142857,0.607142857142857,0.607142857142857,0.639344262295082,0.642794710901387
cleveland,logistic_regression,16,0.1,242,24,218,1.01779900000111,0.0527322999987518,0.686147186147186,0.566666666666667,0.607142857142857,0.586206896551724,0.60655737704918,0.679745527854984
cleveland,random_forest,16,0.1,242,24,218,1.01779900000111,0.949748599996383,0.771645021645022,0.689655172413793,0.714285714285714,0.701754385964912,0.721311475409836,0.748359379923655
cleveland,logistic_regression,16,0.05,242,12,230,0.95798189999914,0.0872297000023536,0.685064935064935,0.571428571428571,0.428571428571429,0.489795918367347,0.590163934426229,0.622384580952698
cleveland,random_forest,16,0.05,242,12,230,0.95798189999914,0.973638999996183,0.645021645021645,0.567567567567568,0.75,0.646153846153846,0.622950819672131,0.615829827312062
cleveland,logistic_regression,17,0.5,242,121,121,1.05636830000003,0.0343090000023949,0.936147186147186,0.827586206896552,0.857142857142857,0.842105263157895,0.852459016393443,0.938737807254515
cleveland,random_forest,17,0.5,242,121,121,1.05636830000003,1.02350150000711,0.906385281385281,0.758620689655172,0.785714285714286,0.771929824561403,0.786885245901639,0.906419642078984
cleveland,logistic_regression,17,0.25,242,61,181,1.03912390000187,0.0543992000020808,0.891774891774892,0.84,0.75,0.792452830188679,0.819672131147541,0.874854600863139
cleveland,random_forest,17,0.25,242,61,181,1.03912390000187,0.992963700002292,0.873376623376623,0.80952380952381,0.607142857142857,0.693877551020408,0.754098360655738,0.874298828435056
cleveland,logistic_regression,17,0.1,242,24,218,1.05979790000129,0.239968899993983,0.795454545454545,0.617647058823529,0.75,0.67741935483871,0.672131147540984,0.742248472841116
cleveland,random_forest,17,0.1,242,24,218,1.05979790000129,1.08304260000295,0.827922077922078,0.638888888888889,0.821428571428571,0.71875,0.704918032786885,0.831250871917086
cleveland,logistic_regression,17,0.05,242,12,230,0.97478200000478,0.0520111000005272,0.593614718614719,0.481481481481481,0.464285714285714,0.472727272727273,0.524590163934426,0.544695107317339
cleveland,random_forest,17,0.05,242,12,230,0.97478200000478,1.15718470000138,0.588203463203463,0.5,0.5,0.5,0.540983606557377,0.523676962433455
cleveland,logistic_regression,18,0.5,242,121,121,0.936359999999695,0.0704102000017883,0.87012987012987,0.793103448275862,0.821428571428571,0.807017543859649,0.819672131147541,0.879985593099031
cleveland,random_forest,18,0.5,242,121,121,0.936359999999695,1.26061169999593,0.827922077922078,0.833333333333333,0.714285714285714,0.769230769230769,0.80327868852459,0.856283390072276
cleveland,logistic_regression,18,0.25,242,61,181,1.02829609999753,0.0862587000010535,0.814935064935065,0.740740740740741,0.714285714285714,0.727272727272727,0.754098360655738,0.828624051981977
cleveland,random_forest,18,0.25,242,61,181,1.02829609999753,1.05591740000091,0.763528138528139,0.703703703703704,0.678571428571429,0.690909090909091,0.721311475409836,0.796607779523974
cleveland,logistic_regression,18,0.1,242,24,218,1.02465320000192,0.0446472999974503,0.677489177489177,0.833333333333333,0.357142857142857,0.5,0.672131147540984,0.674511691527559
cleveland,random_forest,18,0.1,242,24,218,1.02465320000192,1.11194329999853,0.734848484848485,0.666666666666667,0.357142857142857,0.465116279069767,0.622950819672131,0.694655655789105
cleveland,logistic_regression,18,0.05,242,12,230,0.9107737000013,0.0952064000011887,0.725108225108225,0.7,0.5,0.583333333333333,0.672131147540984,0.695181410228739
cleveland,random_forest,18,0.05,242,12,230,0.9107737000013,1.04821850000008,0.763528138528139,0.703703703703704,0.678571428571429,0.690909090909091,0.721311475409836,0.792527805273734
cleveland,logistic_regression,19,0.5,242,121,121,1.00452670000232,0.037594800000079,0.914502164502164,0.88,0.785714285714286,0.830188679245283,0.852459016393443,0.902830426261731
cleveland,random_forest,19,0.5,242,121,121,1.00452670000232,1.00435970000399,0.879329004329004,0.769230769230769,0.714285714285714,0.740740740740741,0.770491803278688,0.84162368584263
cleveland,logistic_regression,19,0.25,242,61,181,0.887013800005661,0.0728795999966678,0.856060606060606,0.741935483870968,0.821428571428571,0.779661016949153,0.786885245901639,0.810891050511214
cleveland,random_forest,19,0.25,242,61,181,0.887013800005661,1.09420449999743,0.84469696969697,0.75,0.857142857142857,0.8,0.80327868852459,0.814035147136836
cleveland,logistic_regression,19,0.1,242,24,218,0.898378300000331,0.0562605000013718,0.890692640692641,0.722222222222222,0.928571428571429,0.8125,0.80327868852459,0.881771585408575
cleveland,random_forest,19,0.1,242,24,218,0.898378300000331,1.07386480000423,0.847402597402597,0.727272727272727,0.857142857142857,0.786885245901639,0.786885245901639,0.856631145373114
cleveland,logistic_regression,19,0.05,242,12,230,0.977117900001758,0.0335349000015412,0.630952380952381,0.538461538461538,0.75,0.626865671641791,0.590163934426229,0.54481556887278
cleveland,random_forest,19,0.05,242,12,230,0.977117900001758,1.02248510000209,0.670995670995671,0.526315789473684,0.714285714285714,0.606060606060606,0.573770491803279,0.604329246187891
cleveland,logistic_regression,20,0.5,242,121,121,0.964962600002764,0.0402700999984518,0.874458874458874,0.882352941176471,0.535714285714286,0.666666666666667,0.754098360655738,0.862594817049458
cleveland,random_forest,20,0.5,242,121,121,0.964962600002764,0.948936000000685,0.818722943722944,0.833333333333333,0.535714285714286,0.652173913043478,0.737704918032787,0.824575863708232
cleveland,logistic_regression,20,0.25,242,61,181,0.947095600000466,0.0653108000042266,0.908008658008658,0.904761904761905,0.678571428571429,0.775510204081633,0.819672131147541,0.909629301358873
cleveland,random_forest,20,0.25,242,61,181,0.947095600000466,1.00748279999971,0.829545454545455,0.724137931034483,0.75,0.736842105263158,0.754098360655738,0.847315541987973
cleveland,logistic_regression,20,0.1,242,24,218,1.18260759999976,0.0480699000036111,0.72943722943723,0.67741935483871,0.75,0.711864406779661,0.721311475409836,0.674558974933766
cleveland,random_forest,20,0.1,242,24,218,1.18260759999976,1.04371739999624,0.720779220779221,0.631578947368421,0.857142857142857,0.727272727272727,0.704918032786885,0.651126771588843
cleveland,logistic_regression,20,0.05,242,12,230,1.09699460000411,0.0391439000013634,0.832251082251082,0.882352941176471,0.535714285714286,0.666666666666667,0.754098360655738,0.798183402114052
cleveland,random_forest,20,0.05,242,12,230,1.09699460000411,0.950897700000496,0.793290043290043,0.842105263157895,0.571428571428571,0.680851063829787,0.754098360655738,0.76946174532045
cleveland,logistic_regression,21,0.5,242,121,121,0.914417799998773,0.0420810000068741,0.911255411255411,1,0.714285714285714,0.833333333333333,0.868852459016393,0.928856338319254
cleveland,random_forest,21,0.5,242,121,121,0.914417799998773,1.01231589999952,0.91017316017316,0.952380952380952,0.714285714285714,0.816326530612245,0.852459016393443,0.905691293085646
cleveland,logistic_regression,21,0.25,242,61,181,0.993096099999093,0.0675562000033096,0.896103896103896,0.888888888888889,0.571428571428571,0.695652173913043,0.770491803278688,0.905840715209907
cleveland,random_forest,21,0.25,242,61,181,0.993096099999093,1.00308439999935,0.925324675324675,0.91304347826087,0.75,0.823529411764706,0.852459016393443,0.926984287427191
cleveland,logistic_regression,21,0.1,242,24,218,0.916452500001469,0.0720486999998684,0.49025974025974,0.4,0.285714285714286,0.333333333333333,0.475409836065574,0.482191942980075
cleveland,random_forest,21,0.1,242,24,218,0.916452500001469,1.02563329999975,0.573593073593074,0.583333333333333,0.5,0.538461538461538,0.60655737704918,0.587165617880936
cleveland,logistic_regression,21,0.05,242,12,230,1.01072080000449,0.0417405999978655,0.794372294372294,0.8125,0.464285714285714,0.590909090909091,0.704918032786885,0.792401601806887
cleveland,random_forest,21,0.05,242,12,230,1.01072080000449,0.959910599995055,0.818181818181818,0.909090909090909,0.357142857142857,0.512820512820513,0.688524590163934,0.83344723722954
cleveland,logistic_regression,22,0.5,242,121,121,1.00967130000208,0.177791800000705,0.875541125541126,0.869565217391304,0.714285714285714,0.784313725490196,0.819672131147541,0.852258046433978
cleveland,random_forest,22,0.5,242,121,121,1.00967130000208,0.952796300000045,0.883116883116883,0.785714285714286,0.785714285714286,0.785714285714286,0.80327868852459,0.849291093427458
cleveland,logistic_regression,22,0.25,242,61,181,0.997736099998292,0.0393995999984327,0.778138528138528,0.769230769230769,0.357142857142857,0.48780487804878,0.655737704918033,0.709354694925365
cleveland,random_forest,22,0.25,242,61,181,0.997736099998292,1.01464490000217,0.791666666666667,0.8,0.571428571428571,0.666666666666667,0.737704918032787,0.719947333240868
cleveland,logistic_regression,22,0.1,242,24,218,1.1024150000012,0.0416660999981104,0.571428571428571,0.583333333333333,0.25,0.35,0.573770491803279,0.567571647291767
cleveland,random_forest,22,0.1,242,24,218,1.1024150000012,1.07555579999462,0.739718614718615,0.6875,0.392857142857143,0.5,0.639344262295082,0.689200361307926
cleveland,logistic_regression,22,0.05,242,12,230,0.957414199998311,0.045569499998237,0.497835497835498,0.421052631578947,0.285714285714286,0.340425531914894,0.491803278688525,0.54173068574325
cleveland,random_forest,22,0.05,242,12,230,0.957414199998311,0.95447360000253,0.467532467532468,0.476190476190476,0.357142857142857,0.408163265306122,0.524590163934426,0.511904246284094
cleveland,logistic_regression,23,0.5,242,121,121,0.972798999995575,0.0776377000001958,0.954545454545455,1,0.678571428571429,0.808510638297872,0.852459016393443,0.953633886275015
cleveland,random_forest,23,0.5,242,121,121,0.972798999995575,1.03527200000099,0.90530303030303,0.909090909090909,0.714285714285714,0.8,0.836065573770492,0.914479953082912
cleveland,logistic_regression,23,0.25,242,61,181,0.914015599999402,0.0946257000032347,0.908008658008658,0.857142857142857,0.642857142857143,0.73469387755102,0.786885245901639,0.914469407945742
cleveland,random_forest,23,0.25,242,61,181,0.914015599999402,0.981624200001534,0.86525974025974,0.842105263157895,0.571428571428571,0.680851063829787,0.754098360655738,0.871592972131999
cleveland,logistic_regression,23,0.1,242,24,218,0.951410900001065,0.0413120000011986,0.706709956709957,0.607142857142857,0.607142857142857,0.607142857142857,0.639344262295082,0.705104254509654
cleveland,random_forest,23,0.1,242,24,218,0.951410900001065,1.02759220000007,0.722943722943723,0.59375,0.678571428571429,0.633333333333333,0.639344262295082,0.729894382172691
cleveland,logistic_regression,23,0.05,242,12,230,1.00551339999947,0.0728167999986908,0.614718614718615,0.608695652173913,0.5,0.549019607843137,0.622950819672131,0.617737159308007
cleveland,random_forest,23,0.05,242,12,230,1.00551339999947,1.15454489999684,0.759199134199134,0.730769230769231,0.678571428571429,0.703703703703704,0.737704918032787,0.752688897398683
cleveland,logistic_regression,24,0.5,242,121,121,1.15300199999911,0.0662232999966363,0.942640692640693,0.846153846153846,0.785714285714286,0.814814814814815,0.836065573770492,0.920688896007277
cleveland,random_forest,24,0.5,242,121,121,1.15300199999911,1.04304200000479,0.954545454545454,0.884615384615385,0.821428571428571,0.851851851851852,0.868852459016393,0.937618755985243
cleveland,logistic_regression,24,0.25,242,61,181,0.921227799997723,0.052212700000382,0.92965367965368,0.88,0.785714285714286,0.830188679245283,0.852459016393443,0.92379667495819
cleveland,random_forest,24,0.25,242,61,181,0.921227799997723,0.984614200002397,0.91504329004329,1,0.642857142857143,0.782608695652174,0.836065573770492,0.91787055372804
cleveland,logistic_regression,24,0.1,242,24,218,1.00488139999652,0.0479238999978406,0.827922077922078,0.703703703703704,0.678571428571429,0.690909090909091,0.721311475409836,0.832324196524742
cleveland,random_forest,24,0.1,242,24,218,1.00488139999652,1.00800330000493,0.840909090909091,0.75,0.75,0.75,0.770491803278688,0.823093686125621
cleveland,logistic_regression,24,0.05,242,12,230,0.889690399999381,0.032988099999784,0.854978354978355,0.8,0.714285714285714,0.754716981132076,0.786885245901639,0.859221784728384
cleveland,random_forest,24,0.05,242,12,230,0.889690399999381,0.968626499998209,0.87012987012987,0.84,0.75,0.792452830188679,0.819672131147541,0.88148628101603
cleveland,logistic_regression,25,0.5,242,121,121,0.94606009999552,0.065133700001752,0.773809523809524,0.68,0.607142857142857,0.641509433962264,0.688524590163934,0.820141742247981
cleveland,random_forest,25,0.5,242,121,121,0.94606009999552,1.05439050000132,0.831709956709957,0.863636363636364,0.678571428571429,0.76,0.80327868852459,0.869682502804758
cleveland,logistic_regression,25,0.25,242,61,181,1.14710229999764,0.0421873000013875,0.826839826839827,0.869565217391304,0.714285714285714,0.784313725490196,0.819672131147541,0.856568423250541
cleveland,random_forest,25,0.25,242,61,181,1.14710229999764,1.01534030000039,0.803030303030303,0.85,0.607142857142857,0.708333333333333,0.770491803278688,0.824171167368663
cleveland,logistic_regression,25,0.1,242,24,218,1.00176759999886,0.0337825000024168,0.654761904761905,0.542857142857143,0.678571428571429,0.603174603174603,0.590163934426229,0.615301835956295
cleveland,random_forest,25,0.1,242,24,218,1.00176759999886,1.07026089999999,0.744588744588745,0.611111111111111,0.785714285714286,0.6875,0.672131147540984,0.736067373537292
cleveland,logistic_regression,25,0.05,242,12,230,0.847994099996868,0.0440222000033827,0.848484848484849,0.54,0.964285714285714,0.692307692307692,0.60655737704918,0.817647934865407
cleveland,random_forest,25,0.05,242,12,230,0.847994099996868,0.857519500001217,0.82034632034632,0.5,1,0.666666666666667,0.540983606557377,0.78694601122412
cleveland,logistic_regression,26,0.5,242,121,121,0.814208900002996,0.0391787999978988,0.873376623376623,0.823529411764706,0.5,0.622222222222222,0.721311475409836,0.8701377966656
cleveland,random_forest,26,0.5,242,121,121,0.814208900002996,0.880776099998911,0.819805194805195,0.789473684210526,0.535714285714286,0.638297872340426,0.721311475409836,0.833475600371689
cleveland,logistic_regression,26,0.25,242,61,181,0.82480840000062,0.032351000001654,0.786796536796537,0.764705882352941,0.464285714285714,0.577777777777778,0.688524590163934,0.79076786757233
cleveland,random_forest,26,0.25,242,61,181,0.82480840000062,0.929146799993759,0.8495670995671,0.866666666666667,0.464285714285714,0.604651162790698,0.721311475409836,0.844942818092293
cleveland,logistic_regression,26,0.1,242,24,218,0.902277300003334,0.0321108999996795,0.829004329004329,0.8125,0.464285714285714,0.590909090909091,0.704918032786885,0.809731371272885
cleveland,random_forest,26,0.1,242,24,218,0.902277300003334,0.886870899994392,0.854437229437229,0.739130434782609,0.607142857142857,0.666666666666667,0.721311475409836,0.843723107862405
cleveland,logistic_regression,26,0.05,242,12,230,0.78340179999941,0.0319073999999091,0.829004329004329,0.789473684210526,0.535714285714286,0.638297872340426,0.721311475409836,0.810410239306012
cleveland,random_forest,26,0.05,242,12,230,0.78340179999941,0.863473199999135,0.799242424242424,0.75,0.642857142857143,0.692307692307692,0.737704918032787,0.794273090741979
cleveland,logistic_regression,27,0.5,242,121,121,0.928234200000588,0.0369188000040594,0.862554112554113,0.75,0.857142857142857,0.8,0.80327868852459,0.859215788027507
cleveland,random_forest,27,0.5,242,121,121,0.928234200000588,0.888608399996883,0.930735930735931,0.75,0.964285714285714,0.84375,0.836065573770492,0.935242186901101
cleveland,logistic_regression,27,0.25,242,61,181,0.731741200004763,0.033150499999465,0.9004329004329,0.857142857142857,0.642857142857143,0.73469387755102,0.786885245901639,0.898198664430548
cleveland,random_forest,27,0.25,242,61,181,0.731741200004763,0.896864399997867,0.929112554112554,0.869565217391304,0.714285714285714,0.784313725490196,0.819672131147541,0.932498001073321
cleveland,logistic_regression,27,0.1,242,24,218,0.838973999998416,0.0320057000062661,0.70021645021645,0.586206896551724,0.607142857142857,0.596491228070175,0.622950819672131,0.683834512215416
cleveland,random_forest,27,0.1,242,24,218,0.838973999998416,0.882633099994564,0.781385281385281,0.703703703703704,0.678571428571429,0.690909090909091,0.721311475409836,0.770644675867292
cleveland,logistic_regression,27,0.05,242,12,230,0.875880100000359,0.0322912999981781,0.821428571428571,0.676470588235294,0.821428571428571,0.741935483870968,0.737704918032787,0.758967194067493
cleveland,random_forest,27,0.05,242,12,230,0.875880100000359,0.876874100002169,0.811688311688312,0.685714285714286,0.857142857142857,0.761904761904762,0.754098360655738,0.748180656148201
cleveland,logistic_regression,28,0.5,242,121,121,0.81462730000203,0.0339530999990529,0.88961038961039,0.863636363636364,0.678571428571429,0.76,0.80327868852459,0.888260006796365
cleveland,random_forest,28,0.5,242,121,121,0.81462730000203,0.87372100000357,0.914502164502164,0.947368421052632,0.642857142857143,0.765957446808511,0.819672131147541,0.920599916360377
cleveland,logistic_regression,28,0.25,242,61,181,0.817562000003818,0.0364649999974063,0.924242424242424,0.91304347826087,0.75,0.823529411764706,0.852459016393443,0.92973663768979
cleveland,random_forest,28,0.25,242,61,181,0.817562000003818,0.886417699999583,0.89448051948052,0.869565217391304,0.714285714285714,0.784313725490196,0.819672131147541,0.892196998039118
cleveland,logistic_regression,28,0.1,242,24,218,0.816519100000733,0.0339007000002312,0.810606060606061,0.628571428571429,0.785714285714286,0.698412698412698,0.688524590163934,0.833200883005762
cleveland,random_forest,28,0.1,242,24,218,0.816519100000733,0.904021499998635,0.801948051948052,0.75,0.642857142857143,0.692307692307692,0.737704918032787,0.821966852569336
cleveland,logistic_regression,28,0.05,242,12,230,0.801760299997113,0.0467047999991337,0.686147186147186,0.588235294117647,0.357142857142857,0.444444444444444,0.590163934426229,0.6012060640377
cleveland,random_forest,28,0.05,242,12,230,0.801760299997113,1.10077309999906,0.654220779220779,0.608695652173913,0.5,0.549019607843137,0.622950819672131,0.641424462061826
cleveland,logistic_regression,29,0.5,242,121,121,1.22488059999887,0.0492989999984275,0.912337662337662,0.833333333333333,0.714285714285714,0.769230769230769,0.80327868852459,0.878232272998907
cleveland,random_forest,29,0.5,242,121,121,1.22488059999887,1.09798720000254,0.889069264069264,0.814814814814815,0.785714285714286,0.8,0.819672131147541,0.851626875591843
cleveland,logistic_regression,29,0.25,242,61,181,1.16179959999863,0.050029000005452,0.854978354978355,0.791666666666667,0.678571428571429,0.730769230769231,0.770491803278688,0.861993156572469
cleveland,random_forest,29,0.25,242,61,181,1.16179959999863,1.06768860000011,0.855519480519481,0.761904761904762,0.571428571428571,0.653061224489796,0.721311475409836,0.8329895577916
cleveland,logistic_regression,29,0.1,242,24,218,1.16077180000138,0.0437143000017386,0.665584415584416,0.642857142857143,0.321428571428571,0.428571428571429,0.60655737704918,0.616168931055391
cleveland,random_forest,29,0.1,242,24,218,1.16077180000138,0.972078699996928,0.5995670995671,0.666666666666667,0.142857142857143,0.235294117647059,0.573770491803279,0.60804235350171
cleveland,logistic_regression,29,0.05,242,12,230,1.05480790000001,0.0423539999974309,0.615800865800866,0.619047619047619,0.464285714285714,0.530612244897959,0.622950819672131,0.616271320248121
cleveland,random_forest,29,0.05,242,12,230,1.05480790000001,0.947753799999191,0.753246753246753,0.666666666666667,0.714285714285714,0.689655172413793,0.704918032786885,0.748742135394739
